,Tweet Source,Tweet,Compound,Positive,Negative,Neutral,Tweets Ago
0,@BBC,üé£ @realbobmortimer and Paul Whitehouse share their personal and hilarious life experiences while travelling around‚Ä¶ https://t.co/NeZ1V04R74,0.5994,0.246,0.0,0.754,0
1,@BBC,"üç∑ @Rihanna. Wine glass stealer extraordinaire.
#TheGNShow https://t.co/no25tcxHJj",-0.4019,0.0,0.252,0.748,1
2,@BBC,"Discover Porthcawl Elvis Festival, the largest Elvis festival in the world... 

Mad About Elvis | 7:30pm | @BBCOne‚Ä¶ https://t.co/JBFFZhtPMD",0.4939,0.271,0.136,0.593,2
3,@BBC,"Gaming addiction is listed as mental health condition for first time by @WHO.

How much is too much? https://t.co/hB16QHI6B8",0.0,0.0,0.0,1.0,3
4,@BBC,"RT @bbcworldservice: How the promise of dance lessons can keep children in school. 
 
@SunkitYole is just one of the nominees for the Outlo‚Ä¶",0.3182,0.095,0.0,0.905,4
5,@BBC,RT @bbcthesocial: Salih fled Syria and travelled all the way to Scotland. He designed a tattoo to illustrate his incredible journey üíô #Worl‚Ä¶,0.0,0.0,0.0,1.0,5
6,@BBC,A baby boy who was born on a Paris commuter train has been given free rail travel until he is 25! üë∂üá´üá∑üéâ‚Ä¶ https://t.co/XeAeCBBjLj,0.5562,0.152,0.0,0.848,6
7,@BBC,"100 years after women won the right to vote, are we really any closer to true gender equality in 2018? @BBCArts ask‚Ä¶ https://t.co/qrc2yQ5WqF",0.7579,0.236,0.0,0.764,7
8,@BBC,"How to have a baby, debone a chicken, and other life-changing YouTube hacks.
Because life's a little easier with th‚Ä¶ https://t.co/2RC1zxgYb4",0.3626,0.129,0.0,0.871,8
9,@BBC,RT @BBC6MorningShow: #PeoplesPlaylist time - we've got a VERY important job for the @BBC6Music family c/o friend of this show Jo Milne (@jo‚Ä¶,0.7207,0.241,0.0,0.759,9
10,@BBC,üáØüáµ‚öΩÔ∏èüóë Japanese football fans have impressed the world by meticulously cleaning up their rows and seats in the stadi‚Ä¶ https://t.co/AGITQOknOI,0.4767,0.14,0.0,0.86,10
11,@BBC,"RT @BBCWales: When Darren 'Graceland' Jones becomes #Elvis, he touches the lives of many others by evoking memories... 

üé§ Our Lives: #MadA‚Ä¶",0.0,0.0,0.0,1.0,11
12,@BBC,"RT @bbcthree: Fatima lives in a refugee camp, but that's not stopping her will to succeed. #WorldRefugeeDay https://t.co/RnQJRDAY2y",0.7154,0.285,0.0,0.715,12
13,@BBC,"18 of the greatest moments in human civilisation.
#Civilisations https://t.co/naGsXLkC95",0.6369,0.318,0.0,0.682,13
14,@BBC,"ü§îüí≠ 'Jamais vu is the opposite of d√©j√† vu.'

Eight things you *probably* haven't heard before about that funny feeli‚Ä¶ https://t.co/SLnIksuK3u",0.4404,0.127,0.0,0.873,14
15,@BBC,Who knew Quidditch was a sport? https://t.co/VvZzXkTubL,0.0,0.0,0.0,1.0,15
16,@BBC,"Follow Inside Justice as they investigate the cases of convicted murderers who claim to be innocent.

#Conviction |‚Ä¶ https://t.co/2FhNIkcgUH",0.128,0.222,0.165,0.613,16
17,@BBC,"The squirrel family is one of the most widespread on earth, so what is the secret to their success? üêø

Natural Worl‚Ä¶ https://t.co/bWRqIik7Vw",0.7351,0.228,0.0,0.772,17
18,@BBC,"Throwback to when #JodieWhittaker was revealed as the new Doctor in 2017. 

#HearHer @bbcdoctorwho https://t.co/Rm3uhZyyi1",0.0,0.0,0.0,1.0,18
19,@BBC,"üêøüíö Billy was rescued at just 5 days old. 
Would you foster a baby red squirrel?

#SuperSquirrels | 8pm | @BBCTwo https://t.co/GIi8cAUz6R",0.4215,0.141,0.0,0.859,19
20,@BBC,"RT @cbbc: Want to cover @England's @hkane in #WorldCup stickers?! Download the CBBC Buzz app here üëâ https://t.co/dcRAwvWtxs

@BBCSport @BBC‚Ä¶",0.1511,0.067,0.0,0.933,20
21,@BBC,"The Queen's granddaughter, Zara Tindall, has given birth to a baby girl. üë∂

https://t.co/LBMmlTU2Fq https://t.co/5E6W6MzXW8",0.0,0.0,0.0,1.0,21
22,@BBC,"RT @BBCOne: When a training exercise in Belize goes wrong, Captain James and Georgie find themselves in danger.

@michkeegan and @benaldrid‚Ä¶",-0.7579,0.0,0.265,0.735,22
23,@BBC,"The world's oldest known Sumatran orangutan has died in an Australian zoo aged 62, leaving behind 54 descendants.
üëâ‚Ä¶ https://t.co/ot0RvvMGaY",-0.5574,0.0,0.159,0.841,23
24,@BBC,"Meet the England football fan who has been to every World Cup since Mexico '86 ‚öΩÔ∏è

https://t.co/z3ZSmB0IWH https://t.co/Ei6hN1wk9Q",-0.0772,0.11,0.124,0.766,24
25,@BBC,"It is an omelette? Is it a beef slice? No, it's @Rihanna's dress at the Met Gala.
#TheGNShow https://t.co/HjWmICH6zV",-0.3736,0.0,0.131,0.869,25
26,@BBC,"'Hope for the best, be prepared for the worst and expect nothing.'

10 incredible #MayaAngelou quotes to live your‚Ä¶ https://t.co/qzG9hDHZJj",0.5994,0.309,0.141,0.55,26
27,@BBC,‚úàÔ∏è Electric plane takes to the skies as Norway bids to combat climate change. https://t.co/wrjHlVhAZJ,-0.34,0.0,0.146,0.854,27
28,@BBC,"RT @BBC_Teach: BBC Bitesize is 20 üôåüéâ !
To celebrate, tell us your Bitesize story. Did you use Bitesize to pass your exams? Do you use Bites‚Ä¶",0.6114,0.138,0.0,0.862,28
29,@BBC,RT @TWBBC: Should we bring the woolly mammoth back from the dead? Or should we use the same technology to better protect endangered species‚Ä¶,0.0516,0.179,0.14,0.682,29
30,@BBC,"RT @BBCSport: ‚úÖ 18.3 million on @BBCOne 
‚úÖ 3 million online streams
‚úÖ More viewers than the royal wedding
‚úÖ England win

Thanks for joining‚Ä¶",0.7717,0.165,0.0,0.835,30
31,@BBC,"Faced with extreme weather, Bolivian farmers are going underground. #BBCTakingTheTemperature https://t.co/ocATWI0jPL",0.0,0.0,0.0,1.0,31
32,@BBC,"Antarctica has lost three trillion tonnes of ice in 25 years.
üëâ https://t.co/lzm3BAGQRi https://t.co/ryqk634l6a",-0.3182,0.0,0.126,0.874,32
33,@BBC,They survived the Ice Age but today saiga antelopes are struggling. https://t.co/IPU5smfklg,-0.3716,0.136,0.233,0.631,33
34,@BBC,"RT @BBCOne: This. Will. Hurt.

@IdrisElba returns as the inimitable DCI #Luther. Coming soon to @BBCOne. https://t.co/FO9GM9yurk",-0.5267,0.0,0.175,0.825,34
35,@BBC,"Monologues inspired by women who have spoken out, challenged the status quo or made a stand - often at great person‚Ä¶ https://t.co/kkpLMaYB7X",0.7845,0.284,0.054,0.661,35
36,@BBC,"üéß‚ù§Ô∏è Casey dreams of one day playing in Ibiza. 
(via @BBCThree) https://t.co/sxEqTuiekr",0.5423,0.31,0.0,0.69,36
37,@BBC,"Tonight, @GaryLineker introduces live coverage from the #WorldCup as England take on Africa's highest-ranked team.‚Ä¶ https://t.co/qGO8XWrMsB",0.0,0.0,0.0,1.0,37
38,@BBC,"‚úä @StaceyDooley investigates the changing face of women's protests. 
#HearHer https://t.co/77aW9jzlE0",-0.2263,0.0,0.147,0.853,38
39,@BBC,RT @bbcrb: Thank goodness a psychic alpaca has predicted tonight's result. We just couldn't bear the intrigue any longer... üòÇÔ∏è‚öΩÔ∏èüè¥Û†ÅßÛ†Å¢Û†Å•Û†ÅÆÛ†ÅßÛ†Åø htt‚Ä¶,0.6705,0.234,0.0,0.766,39
40,@BBC,"RT @BBCiPlayer: In 1968, one determined factory worker led her colleagues out on strike for equal pay and better working conditions. 
#Made‚Ä¶",0.5267,0.202,0.111,0.687,40
41,@BBC,"RT @BBCOne: To celebrate 70 years of the NHS, @StaceyDooley and @JonniePeacock join a team of celebs to get first-hand experience at one of‚Ä¶",0.7096,0.219,0.0,0.781,41
42,@BBC,"RT @bbcthree: This 13-year-old made an app to help disabled people find accessible services. 

Watch more Solutions Lab here: https://t.co/‚Ä¶",0.5709,0.207,0.0,0.793,42
43,@BBC,"RT @BBCSport: Brilliant üòÇ

National Grid is preparing for a power surge equivalent to 23 million fridge doors opening at once at half-time‚Ä¶",0.7717,0.234,0.058,0.708,43
44,@BBC,"üé® What Picasso's Kitchen reveals about his art.
üëâ https://t.co/f60bZFnAiv https://t.co/b1xirRNFMC",0.0,0.0,0.0,1.0,44
45,@BBC,ü§£üêê This look relaxing to you? https://t.co/v5JwLDN3wm,0.4939,0.348,0.0,0.652,45
46,@BBC,"RT @BBCBreakfast: üí™ Another win in the battle against plastic straws! 
#plastic #plasticstraws https://t.co/VsJ7Co4gXU",0.3595,0.208,0.132,0.66,46
47,@BBC,"RT @BBC100women: Recently discovered letters written by Emmeline Pankhurst shed new light on the suffragette and her campaign to help the ""‚Ä¶",0.4019,0.114,0.0,0.886,47
48,@BBC,üéæ Sue Barker hosts live coverage of the opening day of the Championships from the famous Queen's Club in west Londo‚Ä¶ https://t.co/KaUoUWXRTE,0.4939,0.132,0.0,0.868,48
49,@BBC,"RT @BBCEngland: After more than 50 years of ""hurt"" could this be England's World Cup?  The answer lies with Gareth Southgate's 23-man squad‚Ä¶",-0.4215,0.0,0.113,0.887,49
50,@BBC,RT @bbcpress: #CBeebiesRadio presents four stories based on the real life experiences of refugee families and told from the perspectives of‚Ä¶,0.0,0.0,0.0,1.0,50
51,@BBC,üêîüöö A stowaway hen found itself on a real-life Chicken Run when it hitched a ride out of its farm on a supermarket l‚Ä¶ https://t.co/U5dqv2LxvB,0.0,0.0,0.0,1.0,51
52,@BBC,RT @BBCOne: ‚ÄúAt the end of the year I will have been chairing Question Time for a quarter of a century and I have decided that this is the‚Ä¶,0.0,0.0,0.0,1.0,52
53,@BBC,"Recognise this font?

üò¢ There's quite a story behind it. https://t.co/B0iGW2GvnP",-0.4767,0.0,0.237,0.763,53
54,@BBC,"ü¶ê How a delicious crustacean could hold the key to reducing the pollution clogging up our oceans. 
üëâ‚Ä¶ https://t.co/n4mxP9T3cv",0.5719,0.179,0.0,0.821,54
55,@BBC,üåäü§î Imagining a future where we all live at sea. https://t.co/Twfeur95S9,0.0,0.0,0.0,1.0,55
56,@BBC,"Discover the history of one of the toughest jobs in sport - the England football manager. Ô∏è‚öΩÔ∏è

Managing England: Th‚Ä¶ https://t.co/JgEgXkIHBZ",-0.0772,0.0,0.064,0.936,56
57,@BBC,Robert Lee quit his well paid Wall Street job to feed the homeless. https://t.co/2Db5mb9tJt,0.2732,0.139,0.0,0.861,57
58,@BBC,"RT @5liveSport: 1990 ‚ùå
2002 ‚ùå
2014 ‚ùå
2018 ‚ùå

In four of the last eight World Cups, the holders have lost their opening game!

üìªüì± ‚öΩÔ∏è https:/‚Ä¶",-0.3802,0.0,0.077,0.923,58
59,@BBC,"The story of a 13-year-old girl who dreams of becoming the first female eagle hunter in Mongolia. ü¶Ö

Storyville: Ea‚Ä¶ https://t.co/Alhp6nEWOS",0.4019,0.124,0.0,0.876,59
60,@BBC,"üíî One in five British mammals are at risk of extinction, according to new research.
üëâ https://t.co/dbNfpmAiv2 https://t.co/RqqYh707C1",-0.6369,0.0,0.206,0.794,60
61,@BBC,"üê∂‚ù§Ô∏èüê• #FatherOfTheYear goes to Fred the Labrador, who became 'dad' to nine beautiful ducklings after their mother di‚Ä¶ https://t.co/7Gppj7yPLB",0.5994,0.178,0.0,0.822,61
62,@BBC,‚ù§Ô∏è Celebrating #FathersDay when your father is no longer around. https://t.co/4ot2AjuTbf,0.3612,0.233,0.138,0.629,62
63,@BBC,üòç ‚òÅÔ∏è A beautiful phenomenon caught on film.  https://t.co/wz6CUbJDR1,0.7845,0.434,0.0,0.566,63
64,@BBC,"üòÇüî• Nothing says #HappyFathersDay like a good, old-fashioned roasting from your daughter. https://t.co/0dqwntX5uj",0.1999,0.193,0.141,0.666,64
65,@BBC,"RT @BBCOne: Which dad is your dad? (Ours is defo Nature Dad!) 
#HappyFathersDay #FathersDay https://t.co/vFZoJL13e1",0.0,0.0,0.0,1.0,65
66,@BBC,üì∑üòç This field of poppies in the Black Country has been inspiring local photographers. https://t.co/bK8iEUueEa,0.4215,0.167,0.0,0.833,66
67,@BBC,üëöüëñ The community launderette inspired by the 'saint of the slums'. https://t.co/NtL6CaTeZQ,0.4939,0.225,0.0,0.775,67
68,@BBC,"üò≠‚úä#DadGoals with former F1 driver @RuBarrichello. 
#FathersDay https://t.co/77GfG51TSO",0.0,0.0,0.0,1.0,68
69,@BBC,üì∏üöò A playful look at Mexico's enduring love affair with one of the most recognisable cars in automotive history fro‚Ä¶ https://t.co/yWoolKb5p4,0.7964,0.283,0.0,0.717,69
70,@BBC,"RT @bbcdoctorwho: Happy birthday to Jodie Whittaker, the Thirteenth Doctor!üéÅüéâ #DoctorWho https://t.co/TNi3zHjsHG",0.6114,0.266,0.0,0.734,70
71,@BBC,RT @BBCFood: How about this MEGA breakfast for Dad this morning? üëç https://t.co/2jakwwsVun https://t.co/qyfcI76vm9,0.0,0.0,0.0,1.0,71
72,@BBC,"RT @CBeebiesHQ: The incredibly complicated Kick song lyrics. 

You ask, we deliver üëç

 @HEYDUGGEE 

#WorldCup2018 

#ENGTUN

#FifaWorldCup2‚Ä¶",0.0,0.0,0.0,1.0,72
73,@BBC,"Happy #FathersDay!

üï∫üëèüòÑ We dare you to watch these dads dance with their babies without smiling! https://t.co/XCJaqcts7A",0.4222,0.197,0.114,0.689,73
74,@BBC,"Tonight, @KirstyWark and @Mr_Mansaray go behind the scenes at @royalacademy. 

Royal Academy Summer Exhibition | 9p‚Ä¶ https://t.co/P44CCk109J",0.0,0.0,0.0,1.0,74
75,@BBC,"RT @bbctms: Australia. Oh dear. 

Football ‚ùå
Rugby ‚ùå
Cricket ‚ùå

#bbccricket https://t.co/6ScQ5Gw1c8",0.3818,0.148,0.0,0.852,75
76,@BBC,RT @BBCMOTD: Iceland are making #worldcup history... and they're taking everyone along with them!  https://t.co/XIVT8Sij16 #bbcworldcup #AR‚Ä¶,0.0,0.0,0.0,1.0,76
77,@BBC,"üòÇüõÅ If you think cleaning your bath is a pain, please spare a thought for these guys! https://t.co/aIpja4kCyJ",-0.3164,0.116,0.181,0.704,77
78,@BBC,üòÅ Russian workers have been getting ready for the #WorldCup by learning how to smile more.  https://t.co/Qv9BoVmX25,0.7906,0.308,0.0,0.692,78
79,@BBC,"An astonishing journey revealing the awesome power of the natural world. üåçüêùüê¶

Earth: One Amazing Day | 6:30pm |‚Ä¶ https://t.co/E7ivezQMWU",0.886,0.394,0.0,0.606,79
80,@BBC,‚ù§Ô∏è There's a magical quality to children that gets through to the person behind the dementia diagnosis. https://t.co/ONNwNsRTAx,0.0,0.0,0.0,1.0,80
81,@BBC,RT @bbcthree: Imagine waking up one morning and you've lost the ability to speak or move your hands. https://t.co/NvcizyjNox,0.0,0.106,0.106,0.787,81
82,@BBC,"Scientists have been shocked by the mysterious deaths of ancient African baobab trees, which may live hundreds if n‚Ä¶ https://t.co/pXM5lK7GRK",-0.3182,0.0,0.108,0.892,82
83,@BBC,üë£üåé Did you know that our feet will walk more than four times around the world during an average lifetime? https://t.co/p7AwONQNGW,0.0,0.0,0.0,1.0,83
84,@BBC,"From lemon yoghurt to strawberry and banana: these are the easiest ice creams to make with your kids. üç¶üçãüçìü•Ñ

üëâ‚Ä¶ https://t.co/neqUgrR7VC",0.4215,0.123,0.0,0.877,84
85,@BBC,We think we've found Wally... üòÇhttps://t.co/StERHqQurb,0.0,0.0,0.0,1.0,85
86,@BBC,"'If I'd failed, it would have set women back generations.'

Meet Jo Reynolds, the UK's first female firefighter.‚Ä¶ https://t.co/PFmp62j8Yh",-0.5106,0.0,0.155,0.845,86
87,@BBC,"ü•¶‚òïÔ∏è Broccoli coffee is the new health trend nobody asked for...
üëâ https://t.co/fWo8kZDN1A https://t.co/liWZ9jp0jp",0.0,0.0,0.0,1.0,87
88,@BBC,"RT @BBCSport: #PORESP was absolutely unbelievable! üòç

 #WorldCup #bbcworldcup https://t.co/ALW30zBPsY",0.6872,0.34,0.0,0.66,88
89,@BBC,"RT @BBCNews: US child migrants: 2,000 separated from families in six weeks https://t.co/RFFjghf3sA",0.0,0.0,0.0,1.0,89
90,@BBC,"RT @CBeebiesHQ: üö®New Presenter Alert üö®

Please join us in welcoming our new presenter!

Evie üíÅüèª

Wish her the best of luck üôåüèΩ‚ú®

#CBeebiesHo‚Ä¶",0.9682,0.5,0.0,0.5,90
91,@BBC,RT @BBCScotlandNews: Major fire ravages Glasgow School of Art Mackintosh Building https://t.co/R0jsiyPvFV,-0.34,0.0,0.179,0.821,91
92,@BBC,Colourful flags have appeared across London's West End as the @RoyalAcademy celebrates its 250th anniversary.‚Ä¶ https://t.co/fT7gXLbeAE,0.5719,0.198,0.0,0.802,92
93,@BBC,"üê∫üèîüå≤üéß
Not quite ready to wake up yet? 

Sit back, close your eyes and listen to the incredible sounds of Alaska... https://t.co/oxXS1KWHKW",-0.3241,0.0,0.1,0.9,93
94,@BBC,üòÇ Yer maw + technology = carnage https://t.co/nYbvEqad99,0.4404,0.277,0.139,0.584,94
95,@BBC,"üìªüìöüéß Listen to @BBCRadio4's serialisation of Margaret Atwood's novel set in a world of women under oppression. 

The‚Ä¶ https://t.co/jaYFlRtztE",0.3182,0.119,0.0,0.881,95
96,@BBC,üåäüåã Watch what happens when molten lava from Hawaii's Kilauea volcano meets the sea ‚Äî what looks like steam is actua‚Ä¶ https://t.co/5VbSwmFWw7,0.3612,0.111,0.0,0.889,96
97,@BBC,When you remember that you get a lie in tomorrow... üéâüòÇ#FridayFeeling @george_ezra https://t.co/if2tZARVXc,0.0,0.0,0.0,1.0,97
98,@BBC,"RT @bbcwritersroom: Attention #writers Studio Sitcom needs YOU!
Check out a great new post on our blog from one of our #comedy #script read‚Ä¶",0.6588,0.166,0.0,0.834,98
99,@BBC,RT @BBCWomansHour: üíö What do you love about Dads? @F_of_Daughters shares some top tips about how to be a great father and the kind of role‚Ä¶,0.9062,0.359,0.0,0.641,99
100,@CBS,There‚Äôs nothing quite like watching a contestant win a brand new car on @PriceIsRight. üëè  https://t.co/aKlFikYAMM,0.3555,0.199,0.122,0.68,0
101,@CBS,Time to make your predictions for #BB20! üëè Get to know the @CBSBigBrother Houseguests before the big premiere next‚Ä¶ https://t.co/jlpIchJ9sk,0.0,0.0,0.0,1.0,1
102,@CBS,RT @CBSBigBrother: Meet the cast of #BB20... before anyone else! Start streaming all their live interviews beginning at 11am EST/8am PST on‚Ä¶,0.0,0.0,0.0,1.0,2
103,@CBS,"Today and every day we celebrate their love, guidance, and support. Happy #FathersDay to every kind of dad! https://t.co/Wffax1khBH",0.9392,0.493,0.0,0.507,3
104,@CBS,"Casting Alert! @paulwesley, @DaniaJRamirez &amp; @JamesWolk are set to star in the upcoming CBS All Access psychologica‚Ä¶ https://t.co/JnZMrzT92n",0.3595,0.128,0.0,0.872,4
105,@CBS,"In case you missed it, watch the entire #TonyAwards now: https://t.co/Bm0yNV3Ff3 https://t.co/h3YnFkmSQJ",-0.296,0.0,0.167,0.833,5
106,@CBS,RT @StrangeAngel: Mastermind or maniac? Explore the brilliant mind of Jack Parsons in #StrangeAngel. Now streaming on CBS All Access: https‚Ä¶,0.1779,0.147,0.12,0.734,6
107,@CBS,"No pain, no gain, ALL Hart! Just one month until the premiere of @TKOCBS hosted by @KevinHart4real. https://t.co/C1yMCglxVn",-0.5562,0.134,0.315,0.551,7
108,@CBS,"RT @TheNeighborhood: Welcome to #TheNeighborhood, @BethBehrs! The @2BrokeGirls star returns to @CBS in a new sitcom alongside @CedEntertain‚Ä¶",0.5093,0.171,0.0,0.829,8
109,@CBS,"In case you missed it, watch the entire #TonyAwards now: https://t.co/Bm0yNV3Ff3 https://t.co/3GA5otlcPa",-0.296,0.0,0.167,0.833,9
110,@CBS,How do you know @SaraBareilles and @joshgroban's music? #TonyAwards https://t.co/POMXBORfUT,0.0,0.0,0.0,1.0,10
111,@CBS,Here are all the performances from the 2018 #TonyAwards: https://t.co/gN4ItpFlRd https://t.co/fSMNBXKC9r,0.0,0.0,0.0,1.0,11
112,@CBS,See the complete list of winners from the 2018 #TonyAwards: https://t.co/9XK6CGeber https://t.co/HkUIN4Quej,0.4767,0.22,0.0,0.78,12
113,@CBS,An end to a magical evening. The Band's Visit wins for Best Musical! #TonyAwards https://t.co/ODza97n8YH,0.8478,0.406,0.0,0.594,13
114,@CBS,Congratulations are in order for @TheKatrinaLenk! She just won for Best Leading Actress in a Musical. #TonyAwards https://t.co/t9bNvpiEmH,0.92,0.463,0.0,0.537,14
115,@CBS,"RT @CBSThisMorning: Hmm... something seems off here @SaraBareilles @JoshGroban. üòÇ

@WaitressMusical @GreatCometBway #TonyAwards https://t.c‚Ä¶",0.4404,0.175,0.088,0.737,15
116,@CBS,RT @_stobin13: watching the #TonyAwards after going to 3 broadway shows this weekend makes it even better üòçü§©,0.4404,0.153,0.0,0.847,16
117,@CBS,Tony Shalhoub wins Best Leading Actor in a Musical. #TonyAwards   #TheBandsVisit https://t.co/KcUDSicKI5,0.836,0.467,0.0,0.533,17
118,@CBS,The Boss looks right at home on the #TonyAwards stage! https://t.co/pwjv4iydkn,0.0,0.0,0.0,1.0,18
119,@CBS,RT @Aatamianphoto: Springsteen is on the #TonyAwards and I love it.,0.6369,0.318,0.0,0.682,19
120,@CBS,Inspiration: Get to your YES! #OnceOnThisIsland #TonyAwards https://t.co/Wjp0QIWfXq,0.7978,0.543,0.0,0.457,20
121,@CBS,The feeling when you win a Tony. üôå¬†Congratulations to Once on This Island for winning Best Revival of a Musical!‚Ä¶ https://t.co/UpFCqgBTwh,0.9523,0.516,0.0,0.484,21
122,@CBS,What a beautiful performance by the cast of #TheBandsVisit. #TonyAwards https://t.co/4Hw96kZvrf,0.5994,0.302,0.0,0.698,22
123,@CBS,"""I'm a living example of how theatre can change you - and it didn't just change me, it saved me."" @JohnLeguizamo at‚Ä¶ https://t.co/4ICwMhb6hv",0.4215,0.123,0.0,0.877,23
124,@CBS,Angels in America takes the win for Best Revival of a Play! #TonyAwards https://t.co/zodW61tw8a,0.8932,0.517,0.0,0.483,24
125,@CBS,"RT @leahableson: The Once On This Island Goat And Chicken made it to the broadcast, Mama WILL provide #TonyAwards",0.0,0.0,0.0,1.0,25
126,@CBS,That performance was the GOAT. #TonyAwards https://t.co/mtoU92HipQ,0.0,0.0,0.0,1.0,26
127,@CBS,Harry Potter and the Cursed Child wins Best Play at the #TonyAwards! @HPPlayNYC https://t.co/WIqJQmtAlN,0.8908,0.491,0.0,0.509,27
128,@CBS,üé∂ ‚ÄúLet's dance this last dance tonight.‚Äù üé∂ #TonyAwards #DonnaSummerMusical https://t.co/UAIaglChfv,0.0,0.0,0.0,1.0,28
129,@CBS,Hope he brought enough birthday cake for everyone! #TonyAwards https://t.co/FlLbKV6oj8,0.4926,0.262,0.0,0.738,29
130,@CBS,@writerlindsayb You're welcome! #TonyAwards,0.5093,0.523,0.0,0.477,30
131,@CBS,RT @hjmayer8: I sure do love @DearEvanHansen üíô #TonyAwards,0.7579,0.481,0.0,0.519,31
132,@CBS,"RT @Valerie4815: What a birthday present, the Tony audience singing happy birthday to you!! #TonyAwards",0.6467,0.248,0.0,0.752,32
133,@CBS,If only this performance could go on forever. #TonyAwards @FrozenBroadway https://t.co/p2BMUvyTxr,0.0,0.0,0.0,1.0,33
134,@CBS,RT @anna_villanueva: Magnificent performance from the cast of @FrozenBroadway! #TonyAwards2018 #TonyAwards #Tonys,0.636,0.276,0.0,0.724,34
135,@CBS,Glenda Jackson wins Best Leading Actress in a Play. #TonyAwards @threetallwomen https://t.co/GRp1gcBuiW,0.8834,0.563,0.0,0.437,35
136,@CBS,.@SaraBareilles is totally a Gryffindor. #TonyAwards https://t.co/OPQ7esk2dn,0.0,0.0,0.0,1.0,36
137,@CBS,RT @IzzyNY202: How impressive are these Marjory Stoneman Douglas students? That #TonyAwards performance reduced me to tears. Amazing.,0.7351,0.296,0.079,0.625,37
138,@CBS,RT @KatLargent: MAGIC #TonyAwards,0.0,0.0,0.0,1.0,38
139,@CBS,Such a touching moment at the #TonyAwards. ‚ù§Ô∏è https://t.co/4kJWTHVPZ8,0.0,0.0,0.0,1.0,39
140,@CBS,.@Matt_Morrison welcomes the Marjory Stoneman Douglas High School theatre department to the stage. #TonyAwards https://t.co/5dxa9smeka,0.4019,0.162,0.0,0.838,40
141,@CBS,So many feels at the #TonyAwards. Congratulations to @arielstachel for winning Best Featured Actor in a Musical!‚Ä¶ https://t.co/m1aRNIHPRK,0.9151,0.457,0.0,0.543,41
142,@CBS,RT @McBenefit: I love everything about you @UzoAduba. #TonyAwards,0.6369,0.375,0.0,0.625,42
143,@CBS,RT if that musical number by the cast of Carousel blew you away! #TonyAwards https://t.co/CMzMNtcAQO,0.1511,0.102,0.0,0.898,43
144,@CBS,Nathan Lane saw his #AngelsinAmerica role as a challenge. How will you challenge yourself in 2018? #TonyAwards https://t.co/3WXd6AqgBi,0.1531,0.148,0.0,0.852,44
145,@CBS,Nathan Lane wins Best Featured Actor in a Play. #TonyAwards @angelsbway https://t.co/xc8M7JtLDE,0.8834,0.563,0.0,0.437,45
146,@CBS,üåü¬†@joshgroban and @SaraBareilles are Host Goals. üåü #TonyAwards https://t.co/OGQec8cXJ6,0.0,0.0,0.0,1.0,46
147,@CBS,RT @adub369: This is unbelievable! @SaraBareilles and @joshgroban #TonyAwards,0.2714,0.207,0.0,0.793,47
148,@CBS,Who lives in a pineapple and just performed at The Tonys? üççüé∂ The cast of SpongeBob SquarePants: The Musical!‚Ä¶ https://t.co/mvFxdh9UJi,0.0,0.0,0.0,1.0,48
149,@CBS,‚ú® @LindsayMendez wins Best Featured Actress in a Musical! #TonyAwards @carouselbway https://t.co/MtgFowscN5,0.8883,0.567,0.0,0.433,49
150,@CBS,A big congratulations to @springsteen for his Special Tony award! ‚ú®¬†#TonyAwards https://t.co/i16u8uv9aT,0.9134,0.613,0.0,0.387,50
151,@CBS,Can the 73rd annual #TonyAwards just be three-hours of @TitussBurgess? https://t.co/3rCZwwTUtv,0.0,0.0,0.0,1.0,51
152,@CBS,"RT @CBSThisMorning: ""We know there are a lot of you out there who have photos of yourself in school plays or community theater."" Post your‚Ä¶",0.25,0.08,0.0,0.92,52
153,@CBS,Keep your acceptance speeches short or else the #TonyAwards will get the angels involved. #AngelsInAmerica üëº https://t.co/oznhezRzDc,0.4588,0.15,0.0,0.85,53
154,@CBS,"If you haven't started singing, you will be the rest of the night. #TonyAwards #MyFairLady https://t.co/jbGXwnru8N",0.0,0.0,0.0,1.0,54
155,@CBS,RT @marialena_rago: I like this opener for @MyFairLadyBway #TonyAwards,0.3612,0.263,0.0,0.737,55
156,@CBS,Laurie Metcalf wins Best Featured Actress in a Play! #TonyAwards @threetallwomen https://t.co/y4teyJaRPs,0.8908,0.57,0.0,0.43,56
157,@CBS,Tina Fey has a boat?? #MeanGirls #TonyAwards https://t.co/phYxmHMd3d,0.0,0.0,0.0,1.0,57
158,@CBS,Representing the hardest-working men and women in Broadway‚Ä¶¬†ensemble members from every nominated musical tonight!‚Ä¶ https://t.co/imlEEnOUla,0.0,0.0,0.0,1.0,58
159,@CBS,RT @misschae: I love theatre so much. #TonyAwards,0.6369,0.412,0.0,0.588,59
160,@CBS,On Wednesdays they wear pink and on Sundays they perform at the #TonyAwards. üíï Who thought that performance by the‚Ä¶ https://t.co/w7QDkaX6kF,0.0,0.0,0.0,1.0,60
161,@CBS,"RT @MichaelJMoritz: ""We are all made perfectly and we all belong‚Äù - Andrew Garfield #TonyAwards",0.6369,0.244,0.0,0.756,61
162,@CBS,Andrew Garfield wins Best Leading Actor in a Play. #TonyAwards @angelsbway https://t.co/s2VQnw6IPP,0.8834,0.563,0.0,0.437,62
163,@CBS,"RT @nightingalen: Love this opening song! @joshgroban
@SaraBarreilles 
#TonyAwards",0.6696,0.36,0.0,0.64,63
164,@CBS,‚ú® @joshgroban and @SaraBareilles take the stage to begin an unforgettable evening. #TonyAwards https://t.co/y9uzlK2DzO,0.3182,0.15,0.0,0.85,64
165,@CBS,Grab your popcorn... it's time for the #TonyAwards! Go and stream the entire show now: https://t.co/Wo1algQHix https://t.co/JGYTk4NPDN,0.0,0.0,0.0,1.0,65
166,@CBS,‚ú® @thegoodfight's Christine Baranski has arrived on the #TonyAwards red carpet! Watch LIVE at 8/7c on CBS! https://t.co/XnXAnPtRrc,0.4374,0.145,0.0,0.855,66
167,@CBS,"The hosts have arrived! We're LIVE with @SaraBareilles, @joshgroban and more on the #TonyAwards red carpet hosted b‚Ä¶ https://t.co/NtarbgywLe",0.0,0.0,0.0,1.0,67
168,@CBS,Tonight's the night! Join @etnow's @DDirecto on the #TonyAwards' red carpet starting at 5PM ET! https://t.co/hZLOSiIRAT,0.4184,0.157,0.0,0.843,68
169,@CBS,These two know a thing or two about awards! Watch them light up the stage tomorrow at the #TonyAwards. ‚ú® https://t.co/KHVZp65oLS,0.68,0.237,0.0,0.763,69
170,@CBS,Here's everything you need to know before watching the #TonyAwards this Sunday at 8/7c: https://t.co/jcRgNGmLUZ https://t.co/8suUhVPFK6,0.0,0.0,0.0,1.0,70
171,@CBS,Join @etnow's @DDirecto this Sunday on the #TonyAwards' red carpet. https://t.co/7jS8g10KmY,0.296,0.18,0.0,0.82,71
172,@CBS,Here's @laChanze with a reminder that you can stream the #TonyAwards this Sunday on CBS All Access! https://t.co/8TDEXzKmyQ,0.0,0.0,0.0,1.0,72
173,@CBS,"We all get by with a little help from our friends, so what better way to celebrate #NationalBestFriendsDay than to‚Ä¶ https://t.co/pIZezbBwaT",0.9078,0.436,0.0,0.564,73
174,@CBS,"Get ready for show-stopping performances by the casts of the 2018 Tony-nominated shows Mean Girls, SpongeBob Square‚Ä¶ https://t.co/NiSx9Bbw0F",0.3612,0.128,0.0,0.872,74
175,@CBS,Don‚Äôt miss a special performance from @springsteen this Sunday at the #TonyAwards: https://t.co/LYYdleaFwU https://t.co/IKkKoITH9y,0.2732,0.176,0.105,0.719,75
176,@CBS,"RT @CBSThisMorning: .@SaraBareilles and @joshgroban are hosting this Sunday's @TheTonyAwards on @CBS! 

Wednesday, they'll join us LIVE on‚Ä¶",0.3595,0.128,0.0,0.872,76
177,@CBS,"RT @SU2C: SU2C telecast Co-Executive Producer Bradley Cooper sits down with Mitch Carbon, a pediatric cancer survivor who benefited from #S‚Ä¶",-0.4404,0.1,0.177,0.723,77
178,@CBS,RT @StrangeAngel: About last night... The #StrangeAngel screening party was a blast! Pun intended. üöÄüòè https://t.co/m64EcNmweY,0.4574,0.176,0.0,0.824,78
179,@CBS,These CBS stars can really belt it out! Find out which celebs from your favorite shows are pitch-perfect:‚Ä¶ https://t.co/X4zMACFazB,0.5093,0.155,0.0,0.845,79
180,@CBS,"More stars are set to appear at the #TonyAwards, including @billyjoel, @amyschumer, and @katharinemcphee. See who e‚Ä¶ https://t.co/lPUocBcn9t",0.0,0.0,0.0,1.0,80
181,@CBS,"The #TonyAwards are just days away, and @joshgroban and @SaraBareilles will bring all they've got to Broadway's Big‚Ä¶ https://t.co/eKkWn6ClSq",0.0,0.0,0.0,1.0,81
182,@CBS,"Call us old-fashioned, but we donut want you missing out on #NationalDonutDay! Here are a few treats from us to you‚Ä¶ https://t.co/HpzN8bQ3SO",-0.3903,0.062,0.131,0.807,82
183,@CBS,Remember @Lin_Manuel‚Äôs beautiful sonnet from the 70th Annual Tony Awards¬Æ? Relive some of the greatest moments in‚Ä¶ https://t.co/IZjeQLd58C,0.8442,0.336,0.0,0.664,83
184,@CBS,"Good friends @joshgroban and @SaraBareilles are hosting the #TonyAwards together? Well, this is bound to be fun! https://t.co/26Vgzp0s2e",0.8932,0.455,0.0,0.545,84
185,@CBS,"The #TonyAwards just got even better because @UzoAduba, @MattBomer, and more stars will be presenting live! Find ou‚Ä¶ https://t.co/hfFBtWo1T9",0.4926,0.151,0.0,0.849,85
186,@CBS,"Mark your calendars. @SalvationCBS returns Monday, June 25 at 9/8c! ‚òÑÔ∏è https://t.co/N9pYuhYLRF",0.0,0.0,0.0,1.0,86
187,@CBS,RT @thegoodfight: All episodes of season 2 are now available. Stream #TheGoodFight on CBS All Access: https://t.co/k3tn8kR9KC https://t.co/‚Ä¶,0.0,0.0,0.0,1.0,87
188,@CBS,Get the popcorn ready! üçø  It's going to be an unforgettable @survivorcbs finale. Make sure to tune in TONIGHT at 8/‚Ä¶ https://t.co/vp0JyqfXMQ,0.6239,0.203,0.0,0.797,88
189,@CBS,"RT @StrangeAngel: Every brilliant mind has a dark side. #StrangeAngel launches June 14, only on CBS All Access. https://t.co/y0MZg1BzEB htt‚Ä¶",0.5859,0.174,0.0,0.826,89
190,@CBS,Prepare yourself. The @NCIS_CBS season finale is unlike any other. Don't miss it TONIGHT at 8/7c. https://t.co/MOH6uiFc0C,0.1139,0.083,0.0,0.917,90
191,@CBS,"Summer heats up with @CBSBigBrother, @SalvationCBS, and the brand-new competition series @TKOCBS. Find out when you‚Ä¶ https://t.co/DxE7OnKs17",0.0,0.0,0.0,1.0,91
192,@CBS,Who‚Äôs going to be watching the season finale of @ManWithAPlan tonight? RT if you'll be tuning in at 8:30/7:30c! https://t.co/ARLRtVuGuc,0.0,0.0,0.0,1.0,92
193,@CBS,The season finale of @MadamSecretary will leave you speechless! Make sure to tune in tonight at 10/9c. https://t.co/hqxkLZsWpl,0.3382,0.131,0.061,0.808,93
194,@CBS,The @NCISLA season finale is going to be a wild ride. Don't miss all of the action starting TONIGHT at 8/7c! https://t.co/PNtUuVf9VQ,0.1867,0.08,0.0,0.92,94
195,@CBS,Retweet if you're ready for the #RoyalWedding! https://t.co/k57NM7OrXn,0.4199,0.285,0.0,0.715,95
196,@CBS,It's going down (literally) on the Season Finale of @HawaiiFive0CBS when a submarine appears off the coast of Waiki‚Ä¶ https://t.co/oD7Le5XUz6,0.0,0.0,0.0,1.0,96
197,@CBS,"The #RoyalWedding is finally here, and you're invited! Join @CBSThisMorning‚Äôs @GayleKing and @etnow‚Äôs @KevinFrazier‚Ä¶ https://t.co/Q5xiRkXLUz",0.3595,0.151,0.0,0.849,97
198,@CBS,When the @LifeInPiecesCBS season finale is back-to-back episodes. üëè Get ready for double the laughs at 9/8c! https://t.co/SYW5UzXobv,0.7177,0.261,0.0,0.739,98
199,@CBS,Rules were made to be broken.üí• Don't miss the heart-pounding season finale of @swatcbs TONIGHT at 10/9c! https://t.co/NXLbeIrvcp,0.1867,0.093,0.0,0.907,99
200,@CNN,"The Asia-Pacific region is set to overtake the US as the world's largest prefabricated building market, a report fo‚Ä¶ https://t.co/fBKF48ofiC",0.0,0.0,0.0,1.0,0
201,@CNN,"How stress tests measure a bank's ability to react to an economic downturn, and why more banks are now passing them‚Ä¶ https://t.co/RqLsECjxXl",-0.128,0.095,0.116,0.788,1
202,@CNN,"The number of sexual assaults reported during commercial airline flights is increasing ""at an alarming rate,"" the F‚Ä¶ https://t.co/jh9PRAywp2",-0.5719,0.058,0.224,0.717,2
203,@CNN,"Tiny house living may not be for everyone, but tiny house resorts have popped up all over the country, offering eve‚Ä¶ https://t.co/TRVpAAKDWh",0.0,0.0,0.0,1.0,3
204,@CNN,Here is a breakdown of the three critical months in spring 2016 when five associates of Donald Trump met with Russi‚Ä¶ https://t.co/BKvXZL1s96,-0.3182,0.0,0.103,0.897,4
205,@CNN,"After three years of restoration at Yosemite National Park, some of the world's biggest trees are ready to view aga‚Ä¶ https://t.co/5kKDJnQCqy",0.3612,0.111,0.0,0.889,5
206,@CNN,"Apple is teaming up with Sesame Workshop for a brand new slate of children's programming, the tech giant announced‚Ä¶ https://t.co/ZHqxULwgxW",0.0,0.0,0.0,1.0,6
207,@CNN,"Thanks to the popularity of Netflix's ""Stranger Things,"" sales of Eggo waffles have gotten a boost. 

But the gap b‚Ä¶ https://t.co/mhBGTgM9Gl",0.5927,0.256,0.0,0.744,7
208,@CNN,Gatorade is going sugarless for the first time in its 53-year-history https://t.co/0Ix10tVW5n https://t.co/BzRAaqa3Nm,0.0,0.0,0.0,1.0,8
209,@CNN,Why he caved: Inside Trump's rare reversal https://t.co/bLflptZnSe https://t.co/x6BGgk4I4K,0.0,0.0,0.0,1.0,9
210,@CNN,Former CIA Director Michael Hayden defended the positions of US allies who have come out against US immigration pra‚Ä¶ https://t.co/LqcjEwqydr,0.0,0.0,0.0,1.0,10
211,@CNN,A progressive group funded by liberal megadonor Tom Steyer is using the audio of children crying inside a detention‚Ä¶ https://t.co/wht5NW1i3S,-0.4767,0.0,0.154,0.846,11
212,@CNN,Sen. Bernie Sanders said President Trump's zero tolerance immigration policy shows Trump is thinking like an author‚Ä¶ https://t.co/xKxWtZfQtb,0.5719,0.227,0.0,0.773,12
213,@CNN,"RT @AC360: ""There was no requirement that they separate the family."" Constitutional law scholar Jonathan Turley says President Trump's exec‚Ä¶",-0.296,0.0,0.104,0.896,13
214,@CNN,"Michael Cohen's posture on cooperating with federal prosecutors is a ""moving target,"" and any decision from Cohen -‚Ä¶ https://t.co/KoeXtLX7Xj",0.0,0.0,0.0,1.0,14
215,@CNN,"Why there are so few pictures of migrant children impacted by the Trump administration's ""zero tolerance"" immigrati‚Ä¶ https://t.co/GDo1zob8MC",0.296,0.115,0.0,0.885,15
216,@CNN,Nigeria's #WorldCup side have lost out on more than $300k promised to them by government officials and sponsors aft‚Ä¶ https://t.co/Snq9rqZNRS,0.1189,0.12,0.1,0.78,16
217,@CNN,Read President Trump's executive order to stop family separations at the US-Mexico border https://t.co/3QeEzeUGYb https://t.co/QDEucUItOl,-0.296,0.0,0.136,0.864,17
218,@CNN,Corey Lewandowski's comments on Fox News apparently mocking the tale of a 10-year-old girl with Down syndrome were‚Ä¶ https://t.co/wC9XIRP6W4,-0.4019,0.0,0.137,0.863,18
219,@CNN,"RT @AC360: ""What we've seen here is one of the greatest political defeats of this presidency. ... He got beaten like a rented mule by the i‚Ä¶",0.3818,0.198,0.151,0.651,19
220,@CNN,"RT @CNNOpinion: 'Tender' smells of baby powder and strained pears, but not when it's masking a cruel detention system, says @JohnHMcWhorter‚Ä¶",-0.8834,0.0,0.377,0.623,20
221,@CNN,"One is a former hospital. Another is a retrofitted superstore. One is a tent city with the capacity to grow.

These‚Ä¶ https://t.co/YJA6TnEwmV",0.0,0.0,0.0,1.0,21
222,@CNN,"The organizer of the white nationalist rally in Charlottesville, Virginia, last year has applied for a permit to ho‚Ä¶ https://t.co/Cx1dpmeozy",0.0,0.0,0.0,1.0,22
223,@CNN,"German automaker Daimler has cut its profit forecast, blaming the emerging trade war between the United States and‚Ä¶ https://t.co/eTUfYLRT3m",-0.5423,0.197,0.318,0.484,23
224,@CNN,"How stress tests measure a bank's ability to react to an economic downturn, and why more banks are now passing them‚Ä¶ https://t.co/kWcHHhdKZQ",-0.128,0.095,0.116,0.788,24
225,@CNN,"President Trump apparently criticized Sen. John McCain's vote against repealing Obamacare, without naming him, at a‚Ä¶ https://t.co/sfbCheJK0D",-0.3612,0.0,0.135,0.865,25
226,@CNN,"Starbucks is still facing a dilemma of increased competition and over-saturation in the US, says CNNMoney's‚Ä¶ https://t.co/K3qkhiJLT9",0.1027,0.118,0.096,0.787,26
227,@CNN,"Match Group, owner of sites like Tinder and OkCupid, now owns a 51% stake in millennial-focused, long-term dating a‚Ä¶ https://t.co/AIGr6X5DoC",0.3612,0.122,0.0,0.878,27
228,@CNN,Disney raised its bid for most of 21st Century Fox to $71 billion. CNN's @Hadas_Gold says she believes Comcast will‚Ä¶ https://t.co/PGAfzOeyaw,0.0,0.0,0.0,1.0,28
229,@CNN,"A West Virginia couple says a hospital mixed up two newborn babies, after the mother showed off one baby to relativ‚Ä¶ https://t.co/UHkaBjFvMV",0.0,0.0,0.0,1.0,29
230,@CNN,"The future is here. This week, teamLab opens its 107,000 square-foot digital-only museum in Tokyo | via @CNNStyle‚Ä¶ https://t.co/I6GuOCsoDH",0.0,0.0,0.0,1.0,30
231,@CNN,"Sexual assaults on flights are increasing ""at an alarming rate,"" the FBI says https://t.co/VsZ5rzLdvy https://t.co/4k5bWqQDFF",-0.6124,0.0,0.278,0.722,31
232,@CNN,"RT @OutFrontCNN: ""I think the use of that word 'infest' is beneath the dignity of the office of the President"" - General Michael Hayden rea‚Ä¶",0.4019,0.105,0.0,0.895,32
233,@CNN,"Vietnam's ""vermicelli village"": A delicious Hanoi side trip https://t.co/DJXIzTknxC https://t.co/hQB6yDXCZd",0.5719,0.316,0.0,0.684,33
234,@CNN,"President Trump apparently criticized Sen. John McCain's vote against repealing Obamacare, without naming him, at a‚Ä¶ https://t.co/UtE0FSl1NN",-0.3612,0.0,0.135,0.865,34
235,@CNN,Is Saudi Arabia the next big heritage tourism destination? https://t.co/2bCIYWCzIY https://t.co/k8sYdrFuLj,0.0,0.0,0.0,1.0,35
236,@CNN,"RT @AC360: Sen. Bernie Sanders: President Trump ""thinks as authoritarian types all over Europe believe that if you can foment anger against‚Ä¶",-0.5719,0.0,0.15,0.85,36
237,@CNN,"The US Secret Service has been alerted in response to a tweet that actor Peter Fonda posted about Barron Trump, Pre‚Ä¶ https://t.co/neQeXUu3r6",0.0,0.0,0.0,1.0,37
238,@CNN,"RT @AC360: Sen. Bernie Sanders: President Trump ""thinks as authoritarian types all over Europe believe that if you can ferment anger agains‚Ä¶",-0.5719,0.0,0.15,0.85,38
239,@CNN,President Trump defended his decision to backtrack on a practice of separating undocumented immigrant families on t‚Ä¶ https://t.co/5mhWQsGgJO,0.0,0.0,0.0,1.0,39
240,@CNN,Arizona Sen. Jeff Flake is warning that he may block votes on the nominations of all of President Donald Trump's pe‚Ä¶ https://t.co/BPKyiNi0Rh,-0.6486,0.0,0.209,0.791,40
241,@CNN,"Trump praises Kim Jong Un at a Minnesota rally: He will turn North Korea ""into a great, successful country""‚Ä¶ https://t.co/16varj4PaA",0.9062,0.43,0.0,0.57,41
242,@CNN,"RT @AC360: ""He created the crisis. He could end the crisis. ...(Trump) sees from his political perspective that being anti-immigrant is a w‚Ä¶",-0.802,0.068,0.281,0.651,42
243,@CNN,"RT @AC360: Sen. Bernie Sanders says President Trump's family separations executive order does not go ""far enough"" https://t.co/OQZbBBBwd6 h‚Ä¶",0.0,0.0,0.0,1.0,43
244,@CNN,"Touting his summit with Kim Jong Un, President Trump told supporters at a campaign rally that North Korea has sent‚Ä¶ https://t.co/y8UQ5KnOYa",0.296,0.128,0.075,0.796,44
245,@CNN,Canada becomes second nation in the world to legalize marijuana https://t.co/SxBcnP0CGR https://t.co/I768rhRKTo,0.0,0.0,0.0,1.0,45
246,@CNN,"RT @OutFrontCNN: ""The headline would be: 'The President Signs an Executive Order Against Himself' because this is a crisis created by him.""‚Ä¶",-0.4767,0.08,0.163,0.757,46
247,@CNN,"President Donald Trump rallies with his supporters in northern Minnesota.

Watch live: https://t.co/VPCb3OIof9

Fol‚Ä¶ https://t.co/uKjamySBBs",0.4404,0.172,0.0,0.828,47
248,@CNN,A Republican House member erupted at House Speaker Paul Ryan over their agreement involving two major immigration b‚Ä¶ https://t.co/StoCnpwQya,0.4939,0.158,0.0,0.842,48
249,@CNN,North Dakota's GOP Rep. Kevin Cramer volunteered support for chain-link fences in facilities where the government i‚Ä¶ https://t.co/FoOW0KqmZF,0.4019,0.137,0.0,0.863,49
250,@CNN,"Tiny house living may not be for everyone, but tiny house resorts have popped up all over the country, offering eve‚Ä¶ https://t.co/MOw4WFQr5o",0.0,0.0,0.0,1.0,50
251,@CNN,"Thanks to the popularity of Netflix's ""Stranger Things,"" sales of Eggo waffles have gotten a boost. 

But the gap b‚Ä¶ https://t.co/eg2KDcLEf5",0.5927,0.256,0.0,0.744,51
252,@CNN,President Donald Trump's executive order reversing course on family separations has not changed anything in terms o‚Ä¶ https://t.co/1KfCV5fVy8,0.0,0.0,0.0,1.0,52
253,@CNN,"RT @CNNSitRoom: ""Today's action shows that Donald Trump and Secretary Nielsen lied to the American people repeatedly"" and she needs to resi‚Ä¶",-0.3818,0.0,0.11,0.89,53
254,@CNN,A Nigerian university has sacked a professor who was caught on tape allegedly demanding sex from a female student i‚Ä¶ https://t.co/vP1e9SeGY6,-0.2263,0.0,0.101,0.899,54
255,@CNN,There's a theme to Trump's low points as President | Analysis by CNN's Z. Byron Wolf https://t.co/ruEOvxeewt https://t.co/UNKbuIlT4B,-0.2732,0.0,0.123,0.877,55
256,@CNN,This is a pivotal moment in American Protestantism | By Diana Butler Bass via @CNNOpinion https://t.co/1qhdZG6My4 https://t.co/1LYrqs5Zy7,0.0,0.0,0.0,1.0,56
257,@CNN,"RT @CNNSitRoom: Pulling children out of the arms of their parents is a ‚Äúdisgusting process as I‚Äôve ever seen...‚Äù As a country, we should lo‚Ä¶",0.0,0.0,0.0,1.0,57
258,@CNN,New York Mayor Bill de Blasio blasts the Trump administration after touring a facility for immigrant children‚Ä¶ https://t.co/NurB58DrbB,0.0,0.0,0.0,1.0,58
259,@CNN,"RT @CNNSitRoom: Rep. Vela of Texas: When you see an 8-month-old and a baby who's almost 1 without their parents, you realize these toddlers‚Ä¶",0.0,0.0,0.0,1.0,59
260,@CNN,"President Trump signed an executive order to keep parents and children together, contradicting assertions that only‚Ä¶ https://t.co/rUGhPGUTnQ",-0.3182,0.0,0.126,0.874,60
261,@CNN,"""My country is no place for children."" At a shelter on the US/Mexico border, many of the 50 or so migrants contempl‚Ä¶ https://t.co/D0mKtndYP7",-0.296,0.0,0.095,0.905,61
262,@CNN,Got powder in your carry-on? You may want to check it. The TSA has been taking a closer look at containers of powde‚Ä¶ https://t.co/xZ79FXS08N,0.0772,0.056,0.0,0.944,62
263,@CNN,"The 17-year-old girl who called police to report her abusive parents in Perris, California, said the house the fami‚Ä¶ https://t.co/t1D56KsVS9",-0.6369,0.0,0.181,0.819,63
264,@CNN,"""To maintain influence, we must also maintain respect. That respect only comes from approaching law enforcement in‚Ä¶ https://t.co/Q2VmQ5E8yW",0.7351,0.279,0.0,0.721,64
265,@CNN,"Iran may have suffered defeat in their second #WorldCup game at Russia 2018, but the occasion could yet prove to be‚Ä¶ https://t.co/tNmS4pJCgd",-0.4767,0.0,0.17,0.83,65
266,@CNN,"New Zealand Prime Minister Jacinda Ardern, the first pregnant world leader in nearly 30 years, has been admitted to‚Ä¶ https://t.co/71yVYn0aui",0.1027,0.069,0.0,0.931,66
267,@CNN,"Republican Rep. Mark Sanford says colleagues have his back after Trump's ""nasty guy"" comment https://t.co/JKRYQT3W3W https://t.co/URAjSkSPQJ",-0.5574,0.0,0.194,0.806,67
268,@CNN,RT @CNNSitRoom: Do you give Trump credit for reversing course and signing an executive order to now keep undocumented immigrant families to‚Ä¶,0.3818,0.11,0.0,0.89,68
269,@CNN,President Trump will rally Minnesota supporters hours after signing an order ending family separations at the US-Me‚Ä¶ https://t.co/Hs2CSty25O,0.4404,0.146,0.0,0.854,69
270,@CNN,"American Outdoor Brands, the gun maker that owns the Smith &amp; Wesson line of firearms, just reported plunging sales‚Ä¶ https://t.co/oiykdlUO4l",-0.34,0.0,0.112,0.888,70
271,@CNN,"RT @TheLeadCNN: CNN‚Äôs @JakeTapper: ‚ÄúSo yesterday, President Trump mocked you ‚Ä¶ he called you a ‚Äònasty guy.‚Äô How do you respond to that?‚Äù

G‚Ä¶",-0.3182,0.0,0.099,0.901,71
272,@CNN,A 9-year-old boy in Greece permanently injured his left eye when he repeatedly gazed into a laser pointer's green b‚Ä¶ https://t.co/fX48ABsGc4,-0.4019,0.0,0.13,0.87,72
273,@CNN,RT @CNNSitRoom: Rep. Swalwell: ‚ÄúThat's embarrassing‚Äù for countries who we‚Äôve always called peers to be condemning us for ‚Äúwhat we‚Äôre doing‚Ä¶,0.0,0.0,0.0,1.0,73
274,@CNN,The father of a Chicago teenager among six people hit by gunfire said he will put aside grieving until he gets answ‚Ä¶ https://t.co/88BTZ2EvkN,-0.5106,0.0,0.136,0.864,74
275,@CNN,What Trump's family separations executive order does https://t.co/gbfOH6mput https://t.co/YXA5sgWzUZ,0.0,0.0,0.0,1.0,75
276,@CNN,"""Stranger Things"" caused an Eggo boom. Now, sales are waffling. https://t.co/Jm4jneHGnv https://t.co/iMFkBY78FQ",0.0,0.0,0.0,1.0,76
277,@CNN,"Last week, a giant dust storm on Mars took up about a quarter of the Red Planet. Now, it's officially a ""planet-enc‚Ä¶ https://t.co/efIzwUpIxk",0.0,0.0,0.0,1.0,77
278,@CNN,"After a historic summit with the US, North Korean leader Kim Jong Un visits with China's President Xi Jinping‚Ä¶ https://t.co/75gVTzIr80",0.0,0.0,0.0,1.0,78
279,@CNN,A long-awaited government study on the toxicity levels chemicals commonly used in manufacturing has been made publi‚Ä¶ https://t.co/vB5d8c2p9u,0.0,0.0,0.0,1.0,79
280,@CNN,"Instagram's new long-form video hub, IGTV, lets you post videos up to an hour long https://t.co/AKzptipNZ3 https://t.co/nYh9TqIBuK",0.0,0.0,0.0,1.0,80
281,@CNN,First lady Melania Trump has been working behind the scenes at the White House for the past several days encouragin‚Ä¶ https://t.co/1kAeVRwsEW,0.0,0.0,0.0,1.0,81
282,@CNN,"As the trial began for one of the men accused of viciously murdering Timothy Coggins in 1983, Coggins' niece said i‚Ä¶ https://t.co/QQVs7e5CA4",-0.8316,0.0,0.317,0.683,82
283,@CNN,President Donald Trump's longtime personal attorney Michael Cohen has stepped down from a role with the Republican‚Ä¶ https://t.co/sPifTcDAAg,0.0,0.0,0.0,1.0,83
284,@CNN,"RT @TheLeadCNN: JUST IN: Support for Democratic House candidates has ticked up slightly to 50%, according to a new CNN poll https://t.co/qg‚Ä¶",-0.0258,0.11,0.114,0.776,84
285,@CNN,"Support for Democratic House candidates has ticked up slightly to 50%, according to a CNN poll conducted by SSRS https://t.co/Us3qsiytyB",-0.0258,0.12,0.124,0.756,85
286,@CNN,Spain grinds out a win over Iran as big teams continue to labor in Russia https://t.co/q5Uh7YzFxC #WorldCup https://t.co/SNSdQlgMlF,0.5859,0.192,0.0,0.808,86
287,@CNN,Former New York City Mayor Michael Bloomberg intends to spend $80 million in 2018 to help Democrats win the House‚Ä¶ https://t.co/S1o8DNQysR,0.7579,0.255,0.0,0.745,87
288,@CNN,RT @CNNMoney: Dow closes down 42 points. Nasdaq rises 0.7% to all-time high. S&amp;P closes up 0.2%. Fox surges 7.5% on higher offer from Disne‚Ä¶,0.0,0.0,0.0,1.0,88
289,@CNN,"RT @CNNnewsroom: President Trump's executive order ""does not reverse his zero-tolerance policy"" - @SenatorBaldwin https://t.co/cVBTt0Mlqu h‚Ä¶",0.0,0.0,0.0,1.0,89
290,@CNN,"The US Secret Service has been alerted in response to a tweet that actor Peter Fonda posted about Barron Trump, Pre‚Ä¶ https://t.co/e7Dw0hcy9S",0.0,0.0,0.0,1.0,90
291,@CNN,"Walmart says it is ""really disturbed"" that one of its former stores in Texas has been turned into a shelter for mig‚Ä¶ https://t.co/PFOC9F4ZOE",-0.4391,0.0,0.121,0.879,91
292,@CNN,"Otzi, a 5,300-year-old glacier mummy found in the Italian Alps, is older than the Giza pyramids and Stonehenge. The‚Ä¶ https://t.co/Xh5oo7S8GN",0.0,0.0,0.0,1.0,92
293,@CNN,"BREAKING: President Trump just signed an executive order to keep families together at the border, reversing his pos‚Ä¶ https://t.co/FGeTws2ONQ",0.0,0.0,0.0,1.0,93
294,@CNN,Every Season. Every Episode. Celebrate Anthony @Bourdain's extraordinary journey into #PartsUnknown. The complete s‚Ä¶ https://t.co/dqPhrPB6zK,0.5719,0.209,0.0,0.791,94
295,@CNN,AMC Theatres just unveiled a $20 monthly subscription plan that rivals MoviePass https://t.co/oLSZgy0PXG https://t.co/Q3AdgI1rzj,0.0,0.0,0.0,1.0,95
296,@CNN,"RT @CNNnewsroom: ""There is no social safety net in these countries where these families are coming from and they are totally dependent upon‚Ä¶",0.1531,0.108,0.085,0.808,96
297,@CNN,"Burger King Russia has been forced to apologize after an advertisement offered Russian women the chance to win $47,‚Ä¶ https://t.co/Lww303wZz5",0.4939,0.275,0.115,0.611,97
298,@CNN,United and American Airlines are asking the Trump administration to stop using their planes to fly immigrant childr‚Ä¶ https://t.co/ab4KbaoGiL,0.1531,0.127,0.1,0.773,98
299,@CNN,"""Quit trying to make us feel teary-eyed for the children. Yes, I love children a great deal, but to me, it's up to‚Ä¶ https://t.co/COmbDw95Et",0.7184,0.269,0.0,0.731,99
300,@Fox,"@justkelly_ok ughhhhhh, stay safe. ‚ù§Ô∏èüò¢",0.4404,0.42,0.0,0.58,0
301,@Fox,"Isn‚Äôt the art of Jenny Holzer very timely? 
https://t.co/JUZtVu79rE https://t.co/5MsXeWX7B1",0.0,0.0,0.0,1.0,1
302,@Fox,"Nanette was the best, most unexpected and thought-provoking standup I have ever seen. I strongly recommend you watc‚Ä¶ https://t.co/h1ZAZdtpse",0.8316,0.386,0.0,0.614,2
303,@Fox,"RT @ohcatrina: Invite and provide space for diverse people to speak about things that aren‚Äôt just diversity, please üòï",0.1531,0.168,0.099,0.733,3
304,@Fox,@MylesBorins Myles,0.0,0.0,0.0,1.0,4
305,@Fox,"@ZachACole I will do my best! Any more recs in the Boston area?

Seems like most of it is in Cambridge/Sommerville,‚Ä¶ https://t.co/47KEIi13P5",0.7901,0.269,0.0,0.731,5
306,@Fox,@amandarchy thank you! noted! üå∏,0.4738,0.381,0.0,0.619,6
307,@Fox,"@msmichellegar Ohhh, that sounds awesome! 

I doubt I‚Äôll have the time though, I‚Äôm there for a week and only have a‚Ä¶ https://t.co/lxwbwhknVq",0.4389,0.176,0.1,0.723,7
308,@Fox,"@jennwrites ‚ù§Ô∏è

I remember that! also lol I had good hair once. üòÇ",0.8356,0.413,0.08,0.507,8
309,@Fox,"@tiffani paper letters, e-letters, what is the difference anymore",0.0,0.0,0.0,1.0,9
310,@Fox,"@EmilyGorcenski This is heartbreaking, Emily. I‚Äôm so sorry. I know the expat feelings of loneliness all too well an‚Ä¶ https://t.co/TwiNHaddTF",-0.6642,0.085,0.306,0.609,10
311,@Fox,"@ZachACole ahhhhh, that all sounds amazing! I already had a few of them saved, but will add the rest üíñ thank you so‚Ä¶ https://t.co/yfH8Q3WcuI",0.8639,0.359,0.0,0.641,11
312,@Fox,"üëãüèª I will be going to Boston in a few weeks. Send me your favourite: museums, points of interest, parks, photo spot‚Ä¶ https://t.co/az0EJ5mJoB",0.7351,0.212,0.0,0.788,12
313,@Fox,"RT @theledu: HI

Please buy books from @abookapart today &amp; tomorrow (June 19 &amp;20), bc we‚Äôre donating 25% of all profits to @RAICESTEXAS. An‚Ä¶",0.6369,0.191,0.0,0.809,13
314,@Fox,A periodic reminder on how technology is never neutral or apolitical. https://t.co/InWhNjxbjm,0.0,0.0,0.0,1.0,14
315,@Fox,"RT @DelilahSDawson: exec: So what do we think women want in fashion?
women: Pocke--
exec: Cold shoulder tops in pastels. Got it.
women: Poc‚Ä¶",0.5574,0.173,0.0,0.827,15
316,@Fox,‚ÄúThe myopic focus on what‚Äôs new leads us to miss the important ways that digital tools are embedded in old systems‚Ä¶ https://t.co/L51e0anXVg,0.0516,0.077,0.068,0.855,16
317,@Fox,"@summerscope awww, poor kitteh! üêà üëãüèª",0.1007,0.239,0.212,0.548,17
318,@Fox,"If you are attending @dinosaur_js this week, I strongly recommend you see @benschwarz‚Äôs ‚ÄûCritical Request‚Äù talk to‚Ä¶ https://t.co/5udfyCzjia",0.5574,0.235,0.0,0.765,18
319,@Fox,"RT @jackiehluo: it's happening! üíñ join us at @square on july 19 for hear + now, an event to amplify the voices of people from marginalized‚Ä¶",0.5707,0.164,0.0,0.836,19
320,@Fox,"@madalynrose awww, likewise! and sorry you‚Äôre feeling that way. sending good vibes. üíù",0.5255,0.261,0.072,0.667,20
321,@Fox,@jennwrites üëØ‚Äç‚ôÄÔ∏è‚ù§Ô∏è,0.0,0.0,0.0,1.0,21
322,@Fox,"@taotetek awww, you too! üíû",0.0,0.0,0.0,1.0,22
323,@Fox,"@malchata haha, perfectly timed. üçªüëãüèª",0.802,0.706,0.0,0.294,23
324,@Fox,"Hey friends. I‚Äôm feeling very lonely, anxious and stressed and I would love to see your faces. Join the GIF fun via‚Ä¶ https://t.co/7gSjaYNMvS",0.7801,0.4,0.209,0.391,24
325,@Fox,"RT @MicheleNL: Inclusive forms:  
- Make them keyboard accessible
- Don't remove default focus styles if you don't supply alternative styli‚Ä¶",0.0,0.0,0.0,1.0,25
326,@Fox,@omosolatweets Thank you for sharing!,0.68,0.651,0.0,0.349,26
327,@Fox,"RT @omosolatweets: Interesting article by @fox that I'm just seeing.
Discussing that constant pull I've felt between balancing community in‚Ä¶",0.4019,0.124,0.0,0.876,27
328,@Fox,"RT @xoxo: üìã Also new this year, we‚Äôre codifying all of our inclusive production practices as policy, and making it open source to encourage‚Ä¶",0.0,0.0,0.0,1.0,28
329,@Fox,"@andymcmillan Likewise! üéâ 

(I already have so much travel anxiety, zomg help)",0.2566,0.188,0.123,0.689,29
330,@Fox,"Congratulations on another successful launch of @xoxo to @andymcmillan and @waxpancake! üéâ 

Excellent illustration‚Ä¶ https://t.co/qONbNfKvnQ",0.937,0.545,0.0,0.455,30
331,@Fox,"Doing some research: if you are in tech and received any education (a degree, bootcamp, course, etc.) in computer s‚Ä¶ https://t.co/4HITfUn2zS",0.0,0.0,0.0,1.0,31
332,@Fox,Beautifully visualised selection of UX principles. https://t.co/JymmVBqo7m,0.5719,0.381,0.0,0.619,32
333,@Fox,@madpilot sorry not sorry? üòÇüôáüèª‚Äç‚ôÄÔ∏è,-0.1531,0.0,0.464,0.536,33
334,@Fox,What tools do people use for working on information architecture these days?,0.0,0.0,0.0,1.0,34
335,@Fox,"@sailorhg @benschwarz thank you, Amy! ü§ó",0.68,0.528,0.0,0.472,35
336,@Fox,"@MelissaKaulfuss @benschwarz thanks, Mel! ‚ù§Ô∏è",0.4926,0.39,0.0,0.61,36
337,@Fox,"@cczona @benschwarz thank you, Carina üíñ",0.5719,0.485,0.0,0.515,37
338,@Fox,@waferbaby @benschwarz üòÇüôáüèª‚Äç‚ôÄÔ∏è,0.0,0.0,0.0,1.0,38
339,@Fox,"Happy third anniversary to my partner, @benschwarz. So many good times, successes, failures and hardships went by a‚Ä¶ https://t.co/Jw1HKSDg4y",0.8166,0.368,0.105,0.527,39
340,@Fox,"@superhighfives I‚Äôm jet lagged and been watching Queer Eye since 5am. Also, Antoni and his bullshit guacamole cooking skills, haha.",-0.4588,0.115,0.231,0.654,40
341,@Fox,@kizmarh üôáüèª‚Äç‚ôÄÔ∏è,0.0,0.0,0.0,1.0,41
342,@Fox,"@ksylor üôå

I have pretty hard requirements myself, which means way less opportunities, but I‚Äôm 100% fine with that‚Ä¶ https://t.co/nQjJ3bHE6Y",0.5794,0.257,0.052,0.691,42
343,@Fox,"RT @TheCheish: Mother: can you please fix my computer 

Me: *leans back in chair* well... well ... well ... if it isn‚Äôt Miss ‚ÄòGet Off That‚Ä¶",0.5994,0.216,0.053,0.731,43
344,@Fox,RT @triketora: remember when you wanted what you have now,0.0,0.0,0.0,1.0,44
345,@Fox,@alicegoldfuss I feel so seen,0.0,0.0,0.0,1.0,45
346,@Fox,RT @NekoCase: Think about this question and answer it HONESTLY to yourself: Do I view content made by women as being FOR women at first gla‚Ä¶,0.5766,0.135,0.0,0.865,46
347,@Fox,@EricaJoy So many fab people in this thread! üëãüèª https://t.co/zsxPU8cGwA,0.7763,0.361,0.0,0.639,47
348,@Fox,"RT @darngooood: üö® FULL TIME YOU IS OUT NOW!
A self-discovery workbook &amp; video series I put 100% of myself, my heart, and my weird brain int‚Ä¶",-0.2481,0.0,0.071,0.929,48
349,@Fox,@dan_abramov  https://t.co/Aow0ZjyNOy,0.0,0.0,0.0,1.0,49
350,@Fox,"RT @sarah_edo: The most successful people I've met:

1. Study daily
2. Eat well
3. Thrive on others
4. Are literal sharks in the ocean
5. A‚Ä¶",0.7346,0.199,0.0,0.801,50
351,@Fox,"@dotmariusz hahahaahha
hahahaha
ha

still laughing.",0.6808,0.583,0.0,0.417,51
352,@Fox,RT @MoiraDonegan: In case it wasn't clear: The consequences for women speaking out about sexual harassment and assault remain much greater‚Ä¶,-0.8585,0.0,0.345,0.655,52
353,@Fox,"Some more perspective:

‚Üí we were actively supporting IE7 (sometimes, still IE6)
‚Üí Sublime Text just came out
‚Üí Pho‚Ä¶ https://t.co/AoSCBkjiXq",0.6369,0.245,0.0,0.755,53
354,@Fox,A thoughtful introduction to inclusive design principles focused on accessibility. ht @paciellogroup. https://t.co/UgSQY5bgNj,0.6369,0.342,0.0,0.658,54
355,@Fox,"Another non-specific, very brief, harmful Code of Conduct in the wild‚Äî@perfnowconf. 

No Code of Conduct is always‚Ä¶ https://t.co/0DHJHLoSPL",-0.296,0.0,0.115,0.885,55
356,@Fox,RT @edshanna: My husband just snapped this at CERN. https://t.co/QfQCPvFueQ,0.0,0.0,0.0,1.0,56
357,@Fox,@justkelly_ok @dmakogon @kcunning Good on him screaming into his echo chamber of privileged tech bros. He knows wel‚Ä¶ https://t.co/9bVtfvGF9S,0.4939,0.238,0.107,0.656,57
358,@Fox,"@DanNutter_ @SiAdcock yep, I used to feel obliged/compelled/trapped in answering. these days it‚Äôs straight to archi‚Ä¶ https://t.co/T0WXQHwHCU",0.4767,0.227,0.0,0.773,58
359,@Fox,"RT @alicegoldfuss: Since market supply of women in tech is low, I demand to be treated and priced like the artisanal, hand-crafted, locally‚Ä¶",-0.0258,0.1,0.143,0.757,59
360,@Fox,@justkelly_ok @alicegoldfuss Basically üòÇ,0.4404,0.325,0.162,0.513,60
361,@Fox,@justkelly_ok @alicegoldfuss He‚Äôs been like this since I met him 6-7 years ago so I doubt anything will make him re‚Ä¶ https://t.co/HiznWHg60v,-0.188,0.105,0.137,0.758,61
362,@Fox,RT @polotek: There is no hidden boogieman that's ruining diversity. It's just us. Me and you. So if I'm talking about changing things and y‚Ä¶,-0.4939,0.0,0.154,0.846,62
363,@Fox,A quote from today‚Äôs email following that scheme. Seems like underrepresented groups need air quotes. And pay inequ‚Ä¶ https://t.co/LQFN3dfChW,0.2732,0.126,0.07,0.804,63
364,@Fox,"Anatomy 80% of emails I get from men I don‚Äôt know with more or less ambiguous subjects (like ‚Äúhi‚Äù):

1) I have read‚Ä¶ https://t.co/fGlw52IhwC",0.0,0.0,0.0,1.0,64
365,@Fox,@cabel This is an intervention Cabel,0.0,0.0,0.0,1.0,65
366,@Fox,"RT @Candice_MMorgan: Please, please be responsible in reporting these tragic losses. For those struggling, and for the survivors reliving p‚Ä¶",-0.3818,0.235,0.289,0.476,66
367,@Fox,RT @laurenduca: Reach out to someone you care about who might be struggling today. Remind them that they have a place in your heart. Ask ho‚Ä¶,0.128,0.148,0.096,0.756,67
368,@Fox,"@ohhoe I mean, white men are never wrong so it‚Äôs obviously misinterpreted and we live in a meritocracy.

(also, yeah, a known offender.)",0.4196,0.255,0.103,0.642,68
369,@Fox,"RT @presentcorrect: 'Your body is not a temple, it's an amusement park. Enjoy the ride.‚Äù 

Anthony Bourdain",0.6908,0.289,0.0,0.711,69
370,@Fox,"RT @abcnews: @CNN If you or anyone you know needs help:
Lifeline on 13 11 14
Suicide Call Back Service on 1300 659 467
Beyond Blue on 1300‚Ä¶",-0.4215,0.081,0.136,0.783,70
371,@Fox,"[cw: suicide]

Just a few days after news about Kate Spade broke, Anthony Bourdain is no longer with us. I will kee‚Ä¶ https://t.co/QDWnf7l2rA",-0.6124,0.0,0.208,0.792,71
372,@Fox,"RT @soniagupta504: I wish people celebrated Blackness the way they celebrate LGBTQ pride, or women's issues. It seems insulting at this poi‚Ä¶",0.8519,0.394,0.101,0.505,72
373,@Fox,"A short and sweet intro to `position: sticky`, a great alternative to JavaScript-reliant parallaxes that often lead‚Ä¶ https://t.co/9qncwTQ5wa",0.7964,0.336,0.0,0.664,73
374,@Fox,"@jstn hope you get some rest and peace of mind. I know how debilitating anxiety can be. 

üíñ",0.7845,0.354,0.07,0.576,74
375,@Fox,"Awesome work on Code of Conduct and publicising a response guide by @DjangoConEurope team! üëè

https://t.co/Qon2YBixIU",0.6588,0.226,0.0,0.774,75
376,@Fox,Doing some writing in this setting today. üôåüèª https://t.co/4WQQ0sjF2Z,0.0,0.0,0.0,1.0,76
377,@Fox,"RT @stephhippo: There is way more to your life and abilities than GitHub squares. 

Like did you know there are dogs and mountains and bake‚Ä¶",0.5423,0.164,0.0,0.836,77
378,@Fox,"@jennschiffer not missing much other than tone-deaf comments, really ü§∑‚Äç‚ôÄÔ∏è",0.2235,0.159,0.0,0.841,78
379,@Fox,"There are some exceptional engineers with plenty of public contributions. But, there are also numerous developers w‚Ä¶ https://t.co/3V6Aqt7AXr",0.0,0.0,0.0,1.0,79
380,@Fox,I even wrote about this 3 years ago. Prioritising contribution numbers pushes us to engage in impression management‚Ä¶ https://t.co/bgiQdBqgsE,0.5106,0.223,0.0,0.777,80
381,@Fox,I have done a bit of Open Source in my time as I was led to believe it was necessary for my career. It gave me very‚Ä¶ https://t.co/ykiMkb9Ofg,0.0,0.0,0.0,1.0,81
382,@Fox,Underrepresented groups earn 20%+ less than men and have to overperform to prove their worth. Holding traditional r‚Ä¶ https://t.co/QgM7mHgCz9,0.2263,0.095,0.0,0.905,82
383,@Fox,Github profile is excellent for validating problems with work-life balance and confirming that OS favours men with‚Ä¶ https://t.co/3dOm1ZQrOk,0.7351,0.348,0.105,0.547,83
384,@Fox,"RT @cczona: Time for me to move forward to a new job, and new adventures, in developer relations or open source advocacy. Preference for Sa‚Ä¶",0.34,0.094,0.0,0.906,84
385,@Fox,@dinosaur_js so.. not keynote speakers aren‚Äôt getting announced? not very inclusive.,0.0,0.0,0.0,1.0,85
386,@Fox,Work doesn‚Äôt define you. Company valuation or social credibility shouldn‚Äôt be a marker of skill either.,0.0,0.0,0.0,1.0,86
387,@Fox,As someone from Eastern Europe who has never worked for a ‚Äúrecognizable startup‚Äù before I can attest I was met with‚Ä¶ https://t.co/1CDIy8LuA0,0.0,0.0,0.0,1.0,87
388,@Fox,üíØ https://t.co/n1SWxe2qby,0.0,0.0,0.0,1.0,88
389,@Fox,@ohhoe I would definitely suggest seeing a physio for starters (if there‚Äôs a lot of pain). They usually do targeted‚Ä¶ https://t.co/WCxx8UGXtn,0.4019,0.137,0.0,0.863,89
390,@Fox,"@ohhoe I had a lot of success with doing back+core strengthening exercises; a lot of ab work, handstands, etc. Afte‚Ä¶ https://t.co/peNBvsbNnM",0.7845,0.301,0.0,0.699,90
391,@Fox,@glenmaddern photos man,0.0,0.0,0.0,1.0,91
392,@Fox,I keep hearing that I‚Äôm calling out exclusion for personal gains and marketing (?!) as if it didn‚Äôt cause severe an‚Ä¶ https://t.co/bX1IQ3uKcl,-0.4003,0.094,0.2,0.706,92
393,@Fox,"@nickfrancis haha, that is correct. thank you! üéâüëØ",0.6996,0.491,0.0,0.509,93
394,@Fox,RT @janaboruta: If you don‚Äôt advocate for yourself no one else will.,-0.296,0.0,0.167,0.833,94
395,@Fox,"RT @amyngyn: I use the term ""social capital"" a lot, and most URMs know exactly what I mean. ""I can't afford to comment on this one because‚Ä¶",0.0,0.0,0.0,1.0,95
396,@Fox,"Curious how many people who follow me live in Boston. Raise your hands, friends. üëã",0.8225,0.398,0.0,0.602,96
397,@Fox,It‚Äôs not a good look if a conference pledging inclusion doesn‚Äôt reply to my email thanking for an invitation but re‚Ä¶ https://t.co/a7hosMK8i3,-0.1786,0.0,0.082,0.918,97
398,@Fox,"@serverhorror stigmatising mental health issues isn‚Äôt a ""positive word"".",0.5574,0.34,0.0,0.66,98
399,@Fox,"Speaking of language and pointing out toxic cultures, ‚Äûcrazy‚Äù is an ableist term.

https://t.co/kTxqSHvPMe‚Ä¶ https://t.co/ceQIDvqcV1",0.0,0.0,0.0,1.0,99
400,@nytimes,"Indonesia Ferry Toll Soars, With 192 Believed Dead https://t.co/hsdZYeCT4e",-0.6486,0.0,0.35,0.65,0
401,@nytimes,"""You call me Mr. President of the Republic or sir,"" Emmanuel Macron told a ninth-grade boy who called out, ""How's i‚Ä¶ https://t.co/iESy0YfrRO",0.0,0.0,0.0,1.0,1
402,@nytimes,RT @bxchen: Just posted: Firefox is back. I highly recommend considering it as your primary computer browser. https://t.co/v7n8uWKPin,0.4201,0.149,0.0,0.851,2
403,@nytimes,RT @nytimesarts: We now know the sound it makes when human decency dies on live cable news: ‚ÄúWomp womp.‚Äù https://t.co/KyJHHRATnL,0.0,0.0,0.0,1.0,3
404,@nytimes,Here's how thousands of migrant children have been separated from their parents https://t.co/KkxIgGdMIO,0.0,0.0,0.0,1.0,4
405,@nytimes,The Koch brothers are waging a sophisticated fight against public transit initiatives across the U.S. And they are‚Ä¶ https://t.co/JozVZSe5Rh,0.25,0.162,0.117,0.721,5
406,@nytimes,RT @nytopinion: Many on the Christian right are mobilizing pastors across the country into what is effectively an extension of the Republic‚Ä¶,0.4404,0.121,0.0,0.879,6
407,@nytimes,"Steve Schmidt, who advised George W. Bush and John McCain on their presidential campaigns, has quit the Republican‚Ä¶ https://t.co/eBKkRL1wlb",0.0,0.0,0.0,1.0,7
408,@nytimes,AMC has come up with its own subscription plan after bitterly protesting MoviePass‚Äôs subscription model https://t.co/J1dQPOH11P,-0.7003,0.0,0.293,0.707,8
409,@nytimes,RT @nytopinion: New York Governor @andrewcuomo writes that the president's executive order is no solution at all. It still leaves open the‚Ä¶,0.0258,0.094,0.09,0.816,9
410,@nytimes,"‚ÄúI‚Äôm not 20. I don‚Äôt want to be 20, but I‚Äôm really freaking cool.‚Äù Meet the grandmas of Instagram. https://t.co/5iPFfSxIz3",-0.6429,0.0,0.236,0.764,10
411,@nytimes,New York City public school teachers will have paid parental leave starting this fall. (In the past they had to tak‚Ä¶ https://t.co/kWJhOmWQ5T,-0.0516,0.0,0.054,0.946,11
412,@nytimes,National Enquirer executives said to be subpoenaed in Michael Cohen investigation https://t.co/kd3nmSsU31,0.0,0.0,0.0,1.0,12
413,@nytimes,RT @NYTNational: The Secret Service is ‚Äúaware‚Äù of a tweet attacking President Trump‚Äôs adolescent son that was posted by the actor Peter Fon‚Ä¶,-0.4588,0.0,0.125,0.875,13
414,@nytimes,"For the past 3 years, she hasn‚Äôt been able to keep anything down. There‚Äôs no evidence of a parasitic infection, and‚Ä¶ https://t.co/IIsFdzeXGA",-0.296,0.0,0.104,0.896,14
415,@nytimes,"Atul Gawande, a Harvard professor, writer and surgeon, will lead the new health care initiative formed by Amazon, J‚Ä¶ https://t.co/P6Xa7G7Zba",0.5994,0.224,0.0,0.776,15
416,@nytimes,Astronomers have discovered thousands of exoplanets circling other stars within our galaxy. Is life only possible o‚Ä¶ https://t.co/QVbpVywBBN,0.0,0.0,0.0,1.0,16
417,@nytimes,"RT @CharlesMBlow: Read my column, ‚ÄúThe King and Queen of Cruelty,‚Äù and let me know what you think. https://t.co/AXnaRoEOYE",0.0,0.0,0.0,1.0,17
418,@nytimes,Evening Briefing: Here's what you need to know at the end of the day https://t.co/XSLECONGmU,0.0,0.0,0.0,1.0,18
419,@nytimes,Our friends at @watching will be choosing a different one-season show each week this summer for your binging pleasu‚Ä¶ https://t.co/NephE9I0o3,0.4767,0.147,0.0,0.853,19
420,@nytimes,"The new version of the Firefox browser gives Google's Chrome a run for speed, but it's the privacy features that ma‚Ä¶ https://t.co/s43tZz4TBc",0.0,0.0,0.0,1.0,20
421,@nytimes,RT @nytgraphics: Misconceptions about immigration are in stark contrast to the realities around the world https://t.co/kmyV3oi7Yp,0.0,0.0,0.0,1.0,21
422,@nytimes,"President Trump will meet Queen Elizabeth II during his long-delayed first trip to Britain next month, the U.S. amb‚Ä¶ https://t.co/wN123lWOnV",0.0,0.0,0.0,1.0,22
423,@nytimes,"More than 600 members of the United Methodist Church filed a complaint against Jeff Sessions, saying the Trump admi‚Ä¶ https://t.co/YPe5ld0cJW",0.1531,0.127,0.1,0.773,23
424,@nytimes,The U.S. economy has picked up speed and is now on course to expand this year at the fastest rate in more than a de‚Ä¶ https://t.co/vzhrXRiRbA,0.3182,0.087,0.0,0.913,24
425,@nytimes,"RT @nytimesbusiness: President Trump is pressuring Saudi Arabia to help push down gas prices, and that's fraying an agreement between the w‚Ä¶",0.5423,0.216,0.088,0.696,25
426,@nytimes,Evening Briefing: Here's what you need to know at the end of the day https://t.co/T71cCyDS0H,0.0,0.0,0.0,1.0,26
427,@nytimes,"Steve Schmidt, who advised George W. Bush and John McCain on their presidential campaigns, has quit the Republican‚Ä¶ https://t.co/sSowyHKZu4",0.0,0.0,0.0,1.0,27
428,@nytimes,"RT @nytimesarts: Stephen Colbert told Sarah Huckabee Sanders, ‚ÄúIf kids in cages is too much for you to defend, there is one option: You cou‚Ä¶",0.0,0.0,0.0,1.0,28
429,@nytimes,"Breaking News: Despite President Trump's retreat on family separation, 2,300 children already taken from their pare‚Ä¶ https://t.co/noGDwjayjT",-0.1511,0.0,0.09,0.91,29
430,@nytimes,"RT @nytvideo: A volcanic eruption wiped out much of this Guatemalan village, leaving a current of gases, sand, ash, rocks and tree trunks.‚Ä¶",0.0,0.0,0.0,1.0,30
431,@nytimes,"RT @jwherrman: social media is broken, and the internet is a mess. the biggest platforms in our economy and culture are being run in ways t‚Ä¶",-0.6808,0.0,0.196,0.804,31
432,@nytimes,"At least 30 Afghan soldiers were killed in a single Taliban attack early Wednesday, indicating an end to a brief lu‚Ä¶ https://t.co/XOUrILtWLm",-0.8225,0.0,0.297,0.703,32
433,@nytimes,Here's how thousands of migrant children have been separated from their parents https://t.co/KRlRNGXFIP,0.0,0.0,0.0,1.0,33
434,@nytimes,RT @emmagf: I talked to @nytimesbusiness about the tools I use on the subway beat and how technology could improve transit in the future: h‚Ä¶,0.4404,0.116,0.0,0.884,34
435,@nytimes,"Here's a schedule of all World Cup games, and where to watch them https://t.co/tvPDazRi5C",0.0,0.0,0.0,1.0,35
436,@nytimes,"Looking for a meal that's both cooling and rich? Try this chicken Milanese with tomato, mozzarella and basil salad https://t.co/t43Igh7byX",0.5574,0.167,0.0,0.833,36
437,@nytimes,"Jacinda Ardern is at an Auckland hospital where she is expected to give birth, something no sitting world leader ha‚Ä¶ https://t.co/kPqmGL1OMd",-0.296,0.0,0.099,0.901,37
438,@nytimes,"RT @poniewozik: Womp womp, Corey: How the images from the border spoke louder than trolling. https://t.co/mUUyvoZzDF",0.0,0.0,0.0,1.0,38
439,@nytimes,"Evangelical leaders are lamenting the border separations, but are still standing behind Trump https://t.co/u04Sy46W1G",-0.25,0.0,0.133,0.867,39
440,@nytimes,The Equifax data breach affected 145 million people. Most got an apology and free credit monitoring. But some found‚Ä¶ https://t.co/N2gAXGLsx0,0.437,0.23,0.058,0.712,40
441,@nytimes,Instagram will now allow videos up to an hour long https://t.co/NGsHzYe1oj,0.2263,0.16,0.0,0.84,41
442,@nytimes,RT @YLindaQiu: Trump just repeated claim that ICE is throwing MS-13 members out 'by the thousands.' This is not possible. https://t.co/vH2a‚Ä¶,0.0,0.0,0.0,1.0,42
443,@nytimes,An American cardinal who was accused of sexually abusing a minor was suspended from ministry after an investigation https://t.co/bjNPrJ52pA,-0.8074,0.0,0.356,0.644,43
444,@nytimes,American Airlines asked the government to stop using its flights for ‚Äútransporting children who have been separated‚Ä¶ https://t.co/tPcioXXNlh,-0.296,0.0,0.115,0.885,44
445,@nytimes,A 17-year-old was shot and killed by the East Pittsburgh police as he tried to flee a traffic stop on Tuesday night‚Ä¶ https://t.co/6yFVRiCfrC,-0.7717,0.0,0.261,0.739,45
446,@nytimes,RT @andrewkeh: I watched a World Cup game at the busy Sochi gastro pub operating now in the same building where the infamous Olympic doping‚Ä¶,0.0,0.0,0.0,1.0,46
447,@nytimes,Live updates from the Spain vs. Iran World Cup game: https://t.co/mAnALJuoiV,0.0,0.0,0.0,1.0,47
448,@nytimes,Carlos Queiroz has presided over Iran‚Äôs World Cup team for more than 7 years. Fernando Hierro has been been in char‚Ä¶ https://t.co/R2PICezTlo,0.0,0.0,0.0,1.0,48
449,@nytimes,Trump is preparing to issue an executive order that ends the separation of families by indefinitely detaining paren‚Ä¶ https://t.co/dbc5dFoVUW,0.0,0.0,0.0,1.0,49
450,@nytimes,"If the opioid crisis could be solved by the sheer weight of proposed legislation, Congress would be able to pat its‚Ä¶ https://t.co/RD1LOWmCM5",-0.4588,0.08,0.156,0.763,50
451,@nytimes,"‚ÄúI‚Äôm not 20. I don‚Äôt want to be 20, but I‚Äôm really freaking cool.‚Äù Meet the grandmas of Instagram. https://t.co/JKPIvwe1RH",-0.6429,0.0,0.236,0.764,51
452,@nytimes,Breaking News: Michael Bloomberg plans to spend $80 million on the midterms to help Democrats take control of the H‚Ä¶ https://t.co/cixC1kfpf1,0.4019,0.119,0.0,0.881,52
453,@nytimes,"In Opinion, Selahattin Demirtas writes: 

""Turkey will vote in presidential and parliamentary elections on June 24.‚Ä¶ https://t.co/6jA0y0O28U",0.0,0.0,0.0,1.0,53
454,@nytimes,A closer look at the goal that will likely send Russia to the round of 16 https://t.co/9SqWvTXmGL https://t.co/Dapv1Ju59R,0.0,0.0,0.0,1.0,54
455,@nytimes,RT @peterbakernyt: Trump preparing to issue an executive order as soon as today to end the separation of families at the border by indefini‚Ä¶,0.0,0.0,0.0,1.0,55
456,@nytimes,"For weeks, Trump refused to simply end his government‚Äôs ‚Äúzero tolerance‚Äù policy.

But he's been furious about the p‚Ä¶ https://t.co/bADM44soQW",-0.7684,0.0,0.27,0.73,56
457,@nytimes,Breaking News: President Trump plans an executive order to stop separating families at the border by detaining them‚Ä¶ https://t.co/NjRozZqiiU,-0.296,0.0,0.109,0.891,57
458,@nytimes,Uruguay is looking to lock up a place in the second round of the World Cup with a win over Saudi Arabia. Live updat‚Ä¶ https://t.co/MJue9g71WM,0.5859,0.147,0.0,0.853,58
459,@nytimes,"One mother fled El Salvador with her 2 young children after their father, a gang member, violently threatened to ta‚Ä¶ https://t.co/yXRf8T0Ars",-0.7783,0.0,0.286,0.714,59
460,@nytimes,"The CEO of Goldman Sachs called the separation of migrant children and parents ‚Äúheart-rendering.‚Äù But, he said, ‚Äúit‚Ä¶ https://t.co/x4eTbC5snY",0.0,0.0,0.0,1.0,60
461,@nytimes,"RT @itscaitlinhd: My latest on tender age kids: ‚ÄúWe‚Äôve seen young kids having panic attacks, they can‚Äôt sleep, they‚Äôre wetting the bed. The‚Ä¶",-0.7351,0.0,0.228,0.772,61
462,@nytimes,"The crisis at the southern border has reached New York, as children separated from their parents are quietly being‚Ä¶ https://t.co/nr3zsnY05K",-0.5719,0.06,0.174,0.766,62
463,@nytimes,"What did Rudy Giuliani know, and when did he know it, about the FBI reopening its investigation into Hillary Clinto‚Ä¶ https://t.co/7vzRazuzHf",0.0,0.0,0.0,1.0,63
464,@nytimes,‚ÄúThe last thing you‚Äôd be thinking of when you saw her were her disabilities. The flamboyance was distracting.‚Äù https://t.co/6odkNeDsWf,0.0,0.0,0.0,1.0,64
465,@nytimes,"RT @nytvideo: From upside-down numbers to ripped jerseys, here‚Äôs the story behind Iran‚Äôs World Cup kit ‚Äî and how it was impacted by sanctio‚Ä¶",0.0,0.0,0.0,1.0,65
466,@nytimes,"Disney is now offering $71.3 billion for the Fox assets, which is 35% higher than its earlier offer and about $6 bi‚Ä¶ https://t.co/9zyvbvSoub",0.1779,0.072,0.0,0.928,66
467,@nytimes,President Trump and top administration officials have continued to defend their practice of breaking up families wh‚Ä¶ https://t.co/Micma7kE4o,0.2023,0.096,0.0,0.904,67
468,@nytimes,"RT @nytvideo: Kirstjen Nielsen, the secretary of homeland security, was confronted by protesters leading chants of ""shame!"" while she was e‚Ä¶",-0.1511,0.098,0.164,0.738,68
469,@nytimes,The main conflicts feeding the refugee crisis https://t.co/wFckRHeJwW,-0.7717,0.0,0.528,0.472,69
470,@nytimes,"""If kids in cages is too much for you to defend, there is one option: You could resign!"" Stephen Colbert told Sarah‚Ä¶ https://t.co/iZpaLcJu0y",0.0,0.0,0.0,1.0,70
471,@nytimes,"""I couldn't think of a more fitting change in the arc of history to have a school named after our first African-Ame‚Ä¶ https://t.co/nIQx7WIIlU",0.0,0.0,0.0,1.0,71
472,@nytimes,"Corey Lewandowski, President Trump's former campaign manager, mocked a child with Down syndrome who was separated f‚Ä¶ https://t.co/dbUBNSfkPl",-0.3182,0.0,0.126,0.874,72
473,@nytimes,"Morning¬†Briefing: Here's what you need to know to start your day 
https://t.co/PTIagKAt0U https://t.co/mXobttSb0C",0.0,0.0,0.0,1.0,73
474,@nytimes,"""Do we have a reason to be sorry, to apologize?"" Charleston's mayor said, his voice unsteady. ""We do."" https://t.co/fu2rdlaiwo",-0.0772,0.0,0.071,0.929,74
475,@nytimes,Commerce Secretary Wilbur Ross shorted stock days after learning that reporters were preparing a potentially negati‚Ä¶ https://t.co/2pW3vTtt7e,0.0,0.0,0.0,1.0,75
476,@nytimes,RT @nytvideo: A 1600-degree volcanic eruption buried much of the Guatemalan village of San Miguel Los Lotes. Explore the damage in augmente‚Ä¶,-0.4939,0.0,0.138,0.862,76
477,@nytimes,Cristiano Ronaldo scored on a header in the fourth minute to give Portugal a 1-0 lead over Morocco. Live updates: https://t.co/4xUuDRkmAG,0.0,0.0,0.0,1.0,77
478,@nytimes,"Your daily @DealBook Briefing:

‚Ä¢ Corporate America rails against Trump's immigration policy.¬†

‚Ä¢ No one's backing‚Ä¶ https://t.co/fGG58FtBzD",-0.296,0.0,0.136,0.864,78
479,@nytimes,"At the Trump International Hotel in Washington, the president spoke to donors who had paid between $100,000 and $25‚Ä¶ https://t.co/Bn5EE03BL6",0.0,0.0,0.0,1.0,79
480,@nytimes,"""If kids don't eat in peace, you don't eat in peace,"" the protesters shouted as Kirstjen Nielsen was eating dinner‚Ä¶ https://t.co/h5Su4uNbv9",-0.5789,0.0,0.2,0.8,80
481,@nytimes,RT @AndrewDasNYT: The infamous Sochi drug-testing lab where Russian officials switched samples during the Olympics is now a gastro pub. @an‚Ä¶,0.0,0.0,0.0,1.0,81
482,@nytimes,"A 5-year-old boy named Jos√© and his father fled the violence in Honduras. At the U.S. border, the father was detain‚Ä¶ https://t.co/yHDsdH1DFH",-0.6249,0.0,0.17,0.83,82
483,@nytimes,17 out of 23 players on Morocco's World Cup roster were born outside of the country. They face Portugal today in Mo‚Ä¶ https://t.co/MwrRW0wRJm,0.0,0.0,0.0,1.0,83
484,@nytimes,"""I don't want what's happening in the United States to happen in Europe,"" the spokesman of the French government sa‚Ä¶ https://t.co/uKqgxBXbw6",0.3773,0.122,0.053,0.825,84
485,@nytimes,Pride merchandise is becoming big business for retailers. But some are making the products in countries where LGBT‚Ä¶ https://t.co/9M3UhkMJsp,0.1779,0.086,0.0,0.914,85
486,@nytimes,"The United States withdrew from the United Nations Human Rights Council, the world's most important human rights bo‚Ä¶ https://t.co/I69D107WOr",0.7713,0.325,0.0,0.675,86
487,@nytimes,"Morning¬†Briefing: Here's what you need to know to start your day 
https://t.co/NzxvWOTr33 https://t.co/uaqHP3xuX8",0.0,0.0,0.0,1.0,87
488,@nytimes,European Union officials will unveil a blueprint on Thursday to help Greece stand on its own once it comes off its‚Ä¶ https://t.co/uBXoiATGg6,0.4019,0.119,0.0,0.881,88
489,@nytimes,Britain's home secretary ordered a review of the nation's policy on the medical use of marijuana after a 12-year-ol‚Ä¶ https://t.co/CviYGyZ0ez,0.0,0.0,0.0,1.0,89
490,@nytimes,"RT @nytimesworld: While 63 percent of Australians expressed concern about China‚Äôs influence in Australian politics, 58 percent said they we‚Ä¶",0.0,0.0,0.0,1.0,90
491,@nytimes,"Errors and ""abysmally poor policy choices"" allowed Dylann Roof to unlawfully buy the gun that he used to kill 9 Afr‚Ä¶ https://t.co/cKHYk6AdLn",-0.9118,0.0,0.426,0.574,91
492,@nytimes,"""You call me Mr. President of the Republic or sir,"" Emmanuel Macron told a ninth-grade boy who called out, ""How's i‚Ä¶ https://t.co/mWVKp7qNAH",0.0,0.0,0.0,1.0,92
493,@nytimes,"""I write to shame the dominant class,"" said √âdouard Louis, a 25-year-old French writer https://t.co/tJahab1ljo",-0.4767,0.0,0.193,0.807,93
494,@nytimes,"This year‚Äôs list of the World‚Äôs 50 Best Restaurants was revealed in Bilbao, Spain https://t.co/8uMtOsFpHo",0.6369,0.231,0.0,0.769,94
495,@nytimes,Trump administration officials have been sending babies and other young children forcibly separated from their pare‚Ä¶ https://t.co/HcT0xNn8hQ,0.0,0.0,0.0,1.0,95
496,@nytimes,"""There is no Brexit dividend,"" said one financial analyst in response to Prime Minister Theresa May's speech promis‚Ä¶ https://t.co/OptQMYniyq",-0.296,0.0,0.109,0.891,96
497,@nytimes,"""In so many ways, Athens feels more alive, more culturally prolific, than ever, and it‚Äôs hard to understand how thi‚Ä¶ https://t.co/IzJTKNcSZ0",0.3597,0.124,0.06,0.816,97
498,@nytimes,"RT @andrewkeh: I watched the Russia game tonight at the site of the infamous Sochi lab at the center of the Russian doping scandal, which i‚Ä¶",-0.4404,0.0,0.108,0.892,98
499,@nytimes,How to Plan the Perfect Trip With Your Significant Other This Summer https://t.co/gaNCzYDOiY,0.6705,0.333,0.0,0.667,99
